entry_time,exit_time,regime,pnl_points,pnl_reais,side
2026-03-04 11:21:00,2026-03-04 11:22:00,transition,0.5199999999995271,4.899999999995271,long
2026-03-04 11:26:00,2026-03-04 11:39:00,trend,-3.030000000000655,-30.60000000000655,short
2026-03-04 11:39:00,2026-03-04 11:45:00,trend,6.599999999999454,65.69999999999455,long
2026-03-04 11:59:00,2026-03-04 12:00:00,range,0.010000000000218279,-0.19999999999781726,long
2026-03-04 12:06:00,2026-03-04 12:07:00,range,4.0700000000006185,40.40000000000619,short
2026-03-04 12:08:00,2026-03-04 12:12:00,range,0.009999999999308784,-0.2000000000069122,long
2026-03-04 12:21:00,2026-03-04 12:23:00,range,0.019999999999527063,-0.10000000000472942,long
2026-03-04 12:25:00,2026-03-04 12:31:00,range,-4.539999999999964,-45.69999999999963,long
2026-03-04 12:40:00,2026-03-04 12:43:00,range,-0.4899999999997817,-5.199999999997817,short
2026-03-04 12:47:00,2026-03-04 12:52:00,trend,-9.100000000000364,-91.30000000000364,long
2026-03-04 13:00:00,2026-03-04 13:09:00,trend,-6.069999999999709,-60.99999999999709,short
2026-03-04 13:16:00,2026-03-04 13:38:00,trend,3.050000000000182,30.20000000000182,long
2026-03-04 13:38:00,2026-03-04 13:50:00,trend,2.550000000000182,25.20000000000182,short
2026-03-04 14:07:00,2026-03-04 14:08:00,range,-3.0200000000004366,-30.500000000004366,short
2026-03-04 14:09:00,2026-03-04 14:10:00,transition,-2.009999999999309,-20.39999999999309,short
2026-03-04 14:13:00,2026-03-04 14:49:00,trend,-0.4899999999997817,-5.199999999997817,long
2026-03-04 14:49:00,2026-03-04 14:54:00,trend,-3.0299999999997453,-30.599999999997454,short
2026-03-04 15:07:00,2026-03-04 15:08:00,range,-1.0,-10.3,short
2026-03-04 15:32:00,2026-03-04 15:34:00,range,1.019999999999527,9.89999999999527,long
2026-03-04 15:38:00,2026-03-04 15:39:00,range,-0.4899999999997817,-5.199999999997817,long
2026-03-04 15:49:00,2026-03-04 15:57:00,trend,-3.5299999999997453,-35.59999999999745,short
2026-03-04 16:09:00,2026-03-04 16:23:00,trend,-2.009999999999309,-20.39999999999309,long
2026-03-04 16:23:00,2026-03-04 16:24:00,transition,-0.4899999999997817,-5.199999999997817,short
2026-03-04 16:42:00,2026-03-04 16:43:00,transition,-0.4899999999997817,-5.199999999997817,long
2026-03-04 17:07:00,2026-03-04 17:36:00,trend,0.5200000000004366,4.900000000004366,long
2026-03-04 17:53:00,2026-03-04 18:13:00,trend,0.010000000000218279,-0.19999999999781726,long
2026-03-04 18:13:00,2026-03-04 18:17:00,trend,-1.5099999999993088,-15.399999999993089,short
2026-03-04 18:17:00,2026-03-04 18:21:00,trend,-1.0,-10.3,long
2026-03-04 18:21:00,2026-03-04 18:23:00,trend,-2.5100000000002183,-25.400000000002183,short
2026-03-04 18:23:00,2026-03-05 09:02:00,trend,20.280000000000655,202.50000000000654,long
2026-03-05 09:22:00,2026-03-05 09:37:00,trend,-6.5700000000006185,-66.00000000000618,short
2026-03-05 09:37:00,2026-03-05 09:41:00,trend,-0.5,-5.3,long
2026-03-05 10:01:00,2026-03-05 10:02:00,range,-1.5100000000002183,-15.400000000002183,long
2026-03-05 10:12:00,2026-03-05 10:14:00,range,-2.519999999999527,-25.49999999999527,long
2026-03-05 10:15:00,2026-03-05 10:17:00,range,-0.4899999999997817,-5.199999999997817,long
2026-03-05 10:34:00,2026-03-05 10:35:00,transition,-2.019999999999527,-20.49999999999527,long
2026-03-05 10:42:00,2026-03-05 10:51:00,trend,-10.109999999999673,-101.39999999999672,long
2026-03-05 10:54:00,2026-03-05 10:56:00,trend,-2.019999999999527,-20.49999999999527,short
2026-03-05 11:03:00,2026-03-05 11:07:00,range,-4.029999999999745,-40.59999999999745,long
2026-03-05 11:22:00,2026-03-05 11:23:00,transition,-5.5600000000004,-55.900000000004,short
2026-03-05 11:27:00,2026-03-05 11:33:00,trend,-17.210000000000036,-172.40000000000038,long
2026-03-05 11:51:00,2026-03-05 11:54:00,range,-4.039999999999964,-40.69999999999963,long
2026-03-05 11:57:00,2026-03-05 12:14:00,trend,0.5200000000004366,4.900000000004366,short
2026-03-05 12:14:00,2026-03-05 12:33:00,trend,8.110000000000582,80.80000000000582,long
2026-03-05 12:42:00,2026-03-05 12:43:00,range,1.0300000000006548,10.000000000006548,long
2026-03-05 12:47:00,2026-03-05 12:48:00,range,-3.0299999999997453,-30.599999999997454,short
2026-03-05 12:49:00,2026-03-05 12:51:00,range,1.5299999999997453,14.999999999997453,short
2026-03-05 12:57:00,2026-03-05 13:00:00,trend,-2.0100000000002183,-20.400000000002183,long
2026-03-05 13:07:00,2026-03-05 13:33:00,trend,0.5200000000004366,4.900000000004366,long
2026-03-05 13:33:00,2026-03-05 13:54:00,trend,5.579999999999927,55.499999999999275,short
2026-03-05 13:58:00,2026-03-05 13:59:00,transition,2.0399999999999636,20.099999999999635,short
2026-03-05 14:00:00,2026-03-05 14:15:00,trend,8.1200000000008,80.900000000008,short
2026-03-05 14:29:00,2026-03-05 14:34:00,range,-8.599999999999454,-86.29999999999454,short
2026-03-05 14:37:00,2026-03-05 14:42:00,trend,8.11999999999989,80.89999999999891,long
2026-03-05 14:53:00,2026-03-05 14:54:00,range,1.5399999999999636,15.099999999999635,long
2026-03-05 14:56:00,2026-03-05 15:05:00,range,-4.039999999999964,-40.69999999999963,short
2026-03-05 15:13:00,2026-03-05 15:39:00,trend,3.5599999999994907,35.29999999999491,long
2026-03-05 15:44:00,2026-03-05 15:46:00,range,3.0600000000004,30.300000000004,long
2026-03-05 15:52:00,2026-03-05 15:53:00,range,-0.5,-5.3,short
2026-03-05 15:55:00,2026-03-05 15:56:00,transition,-1.5100000000002183,-15.400000000002183,short
2026-03-05 16:22:00,2026-03-05 16:26:00,range,1.5399999999999636,15.099999999999635,long
2026-03-05 16:33:00,2026-03-05 16:35:00,range,-7.5900000000001455,-76.20000000000145,short
2026-03-05 16:37:00,2026-03-05 16:42:00,trend,-5.059999999999491,-50.899999999994904,long
2026-03-05 16:56:00,2026-03-05 16:58:00,trend,-0.4900000000006912,-5.200000000006912,long
2026-03-05 17:09:00,2026-03-05 17:12:00,range,-2.5100000000002183,-25.400000000002183,long
2026-03-05 17:14:00,2026-03-05 17:49:00,trend,6.600000000000364,65.70000000000364,short
2026-03-05 17:49:00,2026-03-05 17:55:00,trend,-5.049999999999272,-50.79999999999272,long
2026-03-05 17:55:00,2026-03-05 18:06:00,trend,-5.549999999999272,-55.79999999999272,short
2026-03-05 18:16:00,2026-03-05 18:22:00,trend,-4.039999999999964,-40.69999999999963,long
2026-03-06 09:21:00,2026-03-06 09:26:00,trend,0.009999999999308784,-0.2000000000069122,short
2026-03-06 09:30:00,2026-03-06 09:32:00,range,-2.019999999999527,-20.49999999999527,long
2026-03-06 09:33:00,2026-03-06 09:34:00,range,-2.5200000000004366,-25.500000000004366,long
2026-03-06 09:42:00,2026-03-06 09:43:00,range,-0.4899999999997817,-5.199999999997817,long
2026-03-06 09:45:00,2026-03-06 09:46:00,range,0.009999999999308784,-0.2000000000069122,long
2026-03-06 09:53:00,2026-03-06 09:56:00,range,3.050000000000182,30.20000000000182,short
2026-03-06 10:03:00,2026-03-06 10:04:00,range,-2.5200000000004366,-25.500000000004366,long
2026-03-06 10:05:00,2026-03-06 10:06:00,transition,-6.569999999999709,-65.99999999999709,long
2026-03-06 10:09:00,2026-03-06 10:25:00,trend,-8.090000000000146,-81.20000000000145,short
2026-03-06 10:25:00,2026-03-06 10:29:00,trend,-2.0100000000002183,-20.400000000002183,long
2026-03-06 10:31:00,2026-03-06 10:34:00,trend,-5.5600000000004,-55.900000000004,long
2026-03-06 10:34:00,2026-03-06 10:43:00,trend,-7.5900000000001455,-76.20000000000145,short
2026-03-06 10:48:00,2026-03-06 10:51:00,range,-8.600000000000364,-86.30000000000364,short
2026-03-06 10:57:00,2026-03-06 11:21:00,trend,7.609999999999673,75.79999999999673,long
2026-03-06 11:21:00,2026-03-06 11:22:00,trend,1.5299999999997453,14.999999999997453,short
2026-03-06 11:22:00,2026-03-06 11:25:00,trend,0.010000000000218279,-0.19999999999781726,long
2026-03-06 11:25:00,2026-03-06 12:00:00,trend,20.779999999999745,207.49999999999744,short
2026-03-06 12:00:00,2026-03-06 12:02:00,trend,-4.550000000000182,-45.800000000001816,long
2026-03-06 12:04:00,2026-03-06 12:06:00,trend,1.5299999999997453,14.999999999997453,long
2026-03-06 12:13:00,2026-03-06 12:14:00,transition,0.5199999999995271,4.899999999995271,long
2026-03-06 12:25:00,2026-03-06 12:26:00,transition,1.0200000000004366,9.900000000004365,long
2026-03-06 12:32:00,2026-03-06 12:34:00,range,5.589999999999236,55.59999999999236,long
2026-03-06 12:50:00,2026-03-06 12:54:00,range,5.579999999999927,55.499999999999275,short
2026-03-06 12:57:00,2026-03-06 12:58:00,range,-1.0,-10.3,long
2026-03-06 13:03:00,2026-03-06 13:08:00,range,1.5399999999999636,15.099999999999635,long
2026-03-06 13:20:00,2026-03-06 13:26:00,trend,-4.039999999999964,-40.69999999999963,short
2026-03-06 13:29:00,2026-03-06 13:31:00,trend,-1.0,-10.3,short
2026-03-06 13:38:00,2026-03-06 13:39:00,range,-0.5,-5.3,long
2026-03-06 13:55:00,2026-03-06 13:58:00,range,0.5200000000004366,4.900000000004366,short
2026-03-06 14:00:00,2026-03-06 14:02:00,range,1.0300000000006548,10.000000000006548,short
2026-03-06 14:23:00,2026-03-06 14:24:00,range,1.0200000000004366,9.900000000004365,long
2026-03-06 14:27:00,2026-03-06 14:28:00,range,0.009999999999308784,-0.2000000000069122,short
2026-03-06 14:41:00,2026-03-06 14:45:00,range,0.020000000000436557,-0.09999999999563447,short
2026-03-06 15:10:00,2026-03-06 15:11:00,range,-1.5099999999993088,-15.399999999993089,long
2026-03-06 15:12:00,2026-03-06 15:13:00,range,-7.579999999999927,-76.09999999999927,long
2026-03-06 15:14:00,2026-03-06 15:17:00,range,-4.550000000000182,-45.800000000001816,long
2026-03-06 15:20:00,2026-03-06 15:52:00,trend,0.010000000000218279,-0.19999999999781726,short
2026-03-06 15:52:00,2026-03-06 16:00:00,trend,-1.5099999999993088,-15.399999999993089,long
2026-03-06 16:25:00,2026-03-06 16:26:00,range,-6.5700000000006185,-66.00000000000618,long
2026-03-06 16:27:00,2026-03-06 16:29:00,range,-2.5200000000004366,-25.500000000004366,long
2026-03-06 16:31:00,2026-03-06 16:39:00,trend,1.5300000000006548,15.000000000006548,short
2026-03-06 16:45:00,2026-03-06 17:16:00,trend,3.050000000000182,30.20000000000182,short
2026-03-06 17:16:00,2026-03-06 17:20:00,trend,2.550000000000182,25.20000000000182,long
2026-03-06 17:34:00,2026-03-06 17:44:00,trend,-8.089999999999236,-81.19999999999236,long
2026-03-06 17:48:00,2026-03-06 17:57:00,trend,-0.4900000000006912,-5.200000000006912,short
2026-03-06 18:00:00,2026-03-06 18:05:00,trend,-7.079999999999927,-71.09999999999927,short
2026-03-06 18:05:00,2026-03-06 18:07:00,trend,0.010000000000218279,-0.19999999999781726,long
2026-03-06 18:17:00,2026-03-09 09:14:00,trend,0.5199999999995271,4.899999999995271,long
2026-03-09 09:24:00,2026-03-09 09:25:00,range,-1.0,-10.3,long
2026-03-09 09:29:00,2026-03-09 09:33:00,range,2.550000000000182,25.20000000000182,long
2026-03-09 09:42:00,2026-03-09 09:43:00,range,1.0300000000006548,10.000000000006548,long
2026-03-09 09:59:00,2026-03-09 10:02:00,range,-7.579999999999927,-76.09999999999927,long
2026-03-09 10:04:00,2026-03-09 10:45:00,trend,7.610000000000582,75.80000000000582,short
2026-03-09 10:45:00,2026-03-09 10:52:00,trend,-3.0299999999997453,-30.599999999997454,long
2026-03-09 11:03:00,2026-03-09 11:06:00,range,6.0900000000001455,60.60000000000146,long
2026-03-09 11:08:00,2026-03-09 11:10:00,range,-0.5,-5.3,short
2026-03-09 11:11:00,2026-03-09 11:17:00,range,10.139999999999418,101.09999999999418,short
2026-03-09 11:23:00,2026-03-09 11:27:00,range,-1.5,-15.3,long
2026-03-09 11:30:00,2026-03-09 11:43:00,trend,-1.5,-15.3,short
2026-03-09 11:43:00,2026-03-09 11:44:00,trend,-1.5,-15.3,long
2026-03-09 11:44:00,2026-03-09 11:46:00,trend,-3.5299999999997453,-35.59999999999745,short
2026-03-09 11:53:00,2026-03-09 11:54:00,range,-3.0299999999997453,-30.599999999997454,long
2026-03-09 12:18:00,2026-03-09 12:20:00,range,2.0399999999999636,20.099999999999635,short
2026-03-09 12:35:00,2026-03-09 12:39:00,range,-2.5200000000004366,-25.500000000004366,short
2026-03-09 12:42:00,2026-03-09 12:56:00,trend,-5.559999999999491,-55.899999999994904,long
2026-03-09 13:05:00,2026-03-09 13:09:00,trend,-3.5399999999999636,-35.69999999999963,short
2026-03-09 13:21:00,2026-03-09 13:24:00,range,6.089999999999236,60.59999999999236,short
2026-03-09 14:03:00,2026-03-09 14:06:00,range,-0.5,-5.3,short
2026-03-09 14:21:00,2026-03-09 14:39:00,trend,-1.0,-10.3,long
2026-03-09 14:41:00,2026-03-09 14:47:00,trend,-6.0700000000006185,-61.00000000000618,long
2026-03-09 15:03:00,2026-03-09 15:04:00,range,-2.009999999999309,-20.39999999999309,long
2026-03-09 15:07:00,2026-03-09 15:55:00,trend,6.0900000000001455,60.60000000000146,short
2026-03-09 15:55:00,2026-03-09 16:06:00,trend,-5.050000000000182,-50.800000000001816,long
2026-03-09 16:06:00,2026-03-09 16:20:00,trend,16.219999999999345,161.89999999999344,short
2026-03-09 16:41:00,2026-03-09 16:57:00,trend,3.0600000000004,30.300000000004,short
2026-03-09 16:57:00,2026-03-09 17:01:00,trend,-3.019999999999527,-30.49999999999527,long
2026-03-09 17:01:00,2026-03-09 17:09:00,trend,-11.13000000000011,-111.60000000000109,short
2026-03-09 17:09:00,2026-03-09 17:20:00,trend,-8.090000000000146,-81.20000000000145,long
2026-03-09 17:20:00,2026-03-09 17:39:00,trend,3.050000000000182,30.20000000000182,short
2026-03-09 17:39:00,2026-03-09 17:42:00,trend,-0.5,-5.3,long
2026-03-09 18:26:00,2026-03-09 18:29:00,range,-1.5,-15.3,short
2026-03-10 09:28:00,2026-03-10 09:29:00,transition,-5.559999999999491,-55.899999999994904,short
2026-03-10 09:31:00,2026-03-10 09:40:00,trend,-10.11999999999989,-101.4999999999989,long
2026-03-10 09:54:00,2026-03-10 10:01:00,trend,-3.5399999999999636,-35.69999999999963,short
2026-03-10 10:07:00,2026-03-10 10:09:00,range,-1.0,-10.3,short
2026-03-10 10:14:00,2026-03-10 10:27:00,trend,-5.559999999999491,-55.899999999994904,long
2026-03-10 10:27:00,2026-03-10 10:29:00,trend,-2.009999999999309,-20.39999999999309,short
2026-03-10 10:49:00,2026-03-10 10:52:00,range,5.5900000000001455,55.60000000000146,long
2026-03-10 10:54:00,2026-03-10 10:56:00,range,-1.0,-10.3,long
2026-03-10 11:08:00,2026-03-10 11:13:00,range,2.0399999999999636,20.099999999999635,short
2026-03-10 11:18:00,2026-03-10 11:21:00,range,-6.0600000000004,-60.900000000004,long
2026-03-10 11:24:00,2026-03-10 12:03:00,trend,9.640000000000327,96.10000000000328,short
2026-03-10 12:03:00,2026-03-10 12:18:00,trend,-5.050000000000182,-50.800000000001816,long
2026-03-10 12:18:00,2026-03-10 12:35:00,trend,3.5599999999994907,35.29999999999491,short
2026-03-10 12:35:00,2026-03-10 12:37:00,trend,-1.5100000000002183,-15.400000000002183,long
2026-03-10 12:37:00,2026-03-10 12:54:00,trend,-1.5100000000002183,-15.400000000002183,short
2026-03-10 12:54:00,2026-03-10 12:56:00,trend,-1.5100000000002183,-15.400000000002183,long
2026-03-10 13:07:00,2026-03-10 13:09:00,range,2.5499999999992724,25.199999999992723,short
2026-03-10 13:13:00,2026-03-10 13:14:00,transition,-1.5099999999993088,-15.399999999993089,short
2026-03-10 13:24:00,2026-03-10 13:32:00,trend,-4.550000000000182,-45.800000000001816,long
2026-03-10 13:36:00,2026-03-10 13:48:00,trend,-6.069999999999709,-60.99999999999709,short
2026-03-10 13:58:00,2026-03-10 14:34:00,trend,2.550000000000182,25.20000000000182,short
2026-03-10 14:34:00,2026-03-10 14:55:00,trend,1.5300000000006548,15.000000000006548,long
2026-03-10 14:55:00,2026-03-10 14:56:00,transition,-2.019999999999527,-20.49999999999527,short
2026-03-10 15:04:00,2026-03-10 15:21:00,trend,10.649999999999636,106.19999999999636,long
2026-03-10 15:34:00,2026-03-10 15:35:00,transition,-7.5900000000001455,-76.20000000000145,short
2026-03-10 15:45:00,2026-03-10 15:47:00,range,3.0499999999992724,30.199999999992723,short
2026-03-10 16:29:00,2026-03-10 16:31:00,range,-2.519999999999527,-25.49999999999527,short
2026-03-10 16:32:00,2026-03-10 16:41:00,trend,-7.579999999999927,-76.09999999999927,long
2026-03-10 16:46:00,2026-03-10 16:47:00,transition,-1.0,-10.3,short
2026-03-10 17:07:00,2026-03-10 17:08:00,range,-1.5099999999993088,-15.399999999993089,long
2026-03-10 17:49:00,2026-03-10 17:59:00,trend,-2.5200000000004366,-25.500000000004366,long
2026-03-10 18:02:00,2026-03-10 18:05:00,trend,-1.5100000000002183,-15.400000000002183,short
2026-03-10 18:05:00,2026-03-10 18:25:00,trend,-1.5100000000002183,-15.400000000002183,long
2026-03-11 09:34:00,2026-03-11 09:38:00,range,-4.039999999999964,-40.69999999999963,short
2026-03-11 09:51:00,2026-03-11 09:52:00,range,-1.0,-10.3,short
2026-03-11 10:00:00,2026-03-11 10:01:00,range,-1.5100000000002183,-15.400000000002183,short
2026-03-11 10:06:00,2026-03-11 10:11:00,range,-2.519999999999527,-25.49999999999527,long
2026-03-11 10:12:00,2026-03-11 10:16:00,range,-5.050000000000182,-50.800000000001816,long
2026-03-11 10:18:00,2026-03-11 10:34:00,trend,-4.039999999999964,-40.69999999999963,short
2026-03-11 10:34:00,2026-03-11 10:35:00,transition,-1.5,-15.3,long
2026-03-11 10:48:00,2026-03-11 10:49:00,range,1.5400000000008731,15.10000000000873,short
2026-03-11 10:53:00,2026-03-11 10:54:00,range,0.010000000000218279,-0.19999999999781726,long
2026-03-11 10:59:00,2026-03-11 11:00:00,transition,-5.5600000000004,-55.900000000004,long
2026-03-11 11:02:00,2026-03-11 11:05:00,trend,-1.0,-10.3,short
2026-03-11 11:24:00,2026-03-11 11:25:00,range,-3.0299999999997453,-30.599999999997454,short
2026-03-11 11:26:00,2026-03-11 11:30:00,range,3.5599999999994907,35.29999999999491,short
2026-03-11 11:37:00,2026-03-11 11:38:00,range,-0.4899999999997817,-5.199999999997817,long
2026-03-11 12:11:00,2026-03-11 12:13:00,range,-0.5,-5.3,long
2026-03-11 12:22:00,2026-03-11 12:23:00,transition,-1.0,-10.3,short
2026-03-11 12:30:00,2026-03-11 12:33:00,range,-1.0,-10.3,short
2026-03-11 12:39:00,2026-03-11 12:42:00,range,3.050000000000182,30.20000000000182,long
2026-03-11 12:48:00,2026-03-11 12:49:00,range,-3.0299999999997453,-30.599999999997454,short
2026-03-11 12:50:00,2026-03-11 12:51:00,transition,1.5299999999997453,14.999999999997453,short
2026-03-11 13:32:00,2026-03-11 13:33:00,transition,-1.5,-15.3,long
2026-03-11 13:35:00,2026-03-11 13:45:00,trend,-7.5900000000001455,-76.20000000000145,short
2026-03-11 14:19:00,2026-03-11 14:27:00,trend,-4.039999999999964,-40.69999999999963,long
2026-03-11 14:37:00,2026-03-11 14:38:00,transition,0.5199999999995271,4.899999999995271,short
2026-03-11 14:40:00,2026-03-11 14:45:00,trend,-4.550000000000182,-45.800000000001816,long
2026-03-11 14:52:00,2026-03-11 14:53:00,range,1.0200000000004366,9.900000000004365,long
2026-03-11 15:10:00,2026-03-11 15:14:00,range,5.079999999999927,50.499999999999275,short
2026-03-11 15:17:00,2026-03-11 15:18:00,transition,-0.4899999999997817,-5.199999999997817,long
2026-03-11 15:29:00,2026-03-11 15:30:00,range,-1.5,-15.3,long
2026-03-11 15:43:00,2026-03-11 15:49:00,trend,-5.049999999999272,-50.79999999999272,short
2026-03-11 15:53:00,2026-03-11 16:06:00,trend,-3.0299999999997453,-30.599999999997454,short
2026-03-12 09:33:00,2026-03-12 09:34:00,range,-2.519999999999527,-25.49999999999527,long
2026-03-12 09:35:00,2026-03-12 09:37:00,range,0.010000000000218279,-0.19999999999781726,long
2026-03-12 09:38:00,2026-03-12 09:39:00,range,-3.0299999999997453,-30.599999999997454,long
2026-03-12 09:40:00,2026-03-12 09:41:00,transition,-2.0100000000002183,-20.400000000002183,long
2026-03-12 10:03:00,2026-03-12 10:04:00,transition,-3.5399999999999636,-35.69999999999963,long
2026-03-12 10:07:00,2026-03-12 10:12:00,trend,-7.579999999999927,-76.09999999999927,short
2026-03-12 10:21:00,2026-03-12 11:08:00,trend,18.25,182.2,long
2026-03-12 11:08:00,2026-03-12 11:13:00,trend,-0.4900000000006912,-5.200000000006912,short
2026-03-12 11:26:00,2026-03-12 11:27:00,transition,-0.4899999999997817,-5.199999999997817,short
2026-03-12 11:40:00,2026-03-12 11:46:00,trend,-16.699999999999818,-167.2999999999982,long
2026-03-12 12:01:00,2026-03-12 12:04:00,range,3.0600000000004,30.300000000004,short
2026-03-12 12:05:00,2026-03-12 12:10:00,range,-9.609999999999673,-96.39999999999672,short
2026-03-12 12:14:00,2026-03-12 12:23:00,trend,-3.5399999999999636,-35.69999999999963,long
2026-03-12 12:42:00,2026-03-12 12:58:00,trend,-5.550000000000182,-55.800000000001816,short
2026-03-12 12:58:00,2026-03-12 13:03:00,trend,-7.069999999999709,-70.99999999999709,long
2026-03-12 13:06:00,2026-03-12 13:07:00,transition,3.0499999999992724,30.199999999992723,long
2026-03-12 13:17:00,2026-03-12 13:18:00,range,-2.009999999999309,-20.39999999999309,long
2026-03-12 13:19:00,2026-03-12 13:21:00,range,-7.069999999999709,-70.99999999999709,long
2026-03-12 13:23:00,2026-03-12 13:25:00,trend,-2.519999999999527,-25.49999999999527,short
2026-03-12 13:39:00,2026-03-12 13:40:00,transition,-4.039999999999964,-40.69999999999963,long
2026-03-12 13:43:00,2026-03-12 13:47:00,trend,-4.039999999999964,-40.69999999999963,short
2026-03-12 14:06:00,2026-03-12 14:11:00,trend,-8.090000000000146,-81.20000000000145,short
2026-03-12 14:26:00,2026-03-12 14:33:00,range,-9.609999999999673,-96.39999999999672,short
2026-03-12 14:46:00,2026-03-12 14:47:00,transition,1.5299999999997453,14.999999999997453,short
2026-03-12 14:57:00,2026-03-12 15:01:00,trend,-4.039999999999964,-40.69999999999963,long
2026-03-12 15:21:00,2026-03-12 15:24:00,range,1.5299999999997453,14.999999999997453,short
2026-03-12 15:27:00,2026-03-12 15:42:00,trend,-3.5299999999997453,-35.59999999999745,long
2026-03-12 15:42:00,2026-03-12 15:51:00,trend,-0.4899999999997817,-5.199999999997817,short
2026-03-12 16:00:00,2026-03-12 16:01:00,transition,-0.5,-5.3,short
2026-03-12 16:46:00,2026-03-12 17:03:00,trend,-3.5299999999997453,-35.59999999999745,long
2026-03-12 17:03:00,2026-03-12 17:06:00,trend,-5.050000000000182,-50.800000000001816,short
2026-03-12 17:17:00,2026-03-12 17:22:00,trend,-1.5100000000002183,-15.400000000002183,long
2026-03-12 18:10:00,2026-03-12 18:11:00,transition,-2.019999999999527,-20.49999999999527,short
2026-03-12 18:18:00,2026-03-12 18:23:00,trend,4.569999999999709,45.39999999999709,long
2026-03-13 09:13:00,2026-03-13 09:24:00,trend,-13.159999999999854,-131.89999999999856,short
2026-03-13 09:24:00,2026-03-13 09:27:00,trend,-2.019999999999527,-20.49999999999527,long
2026-03-13 09:35:00,2026-03-13 09:37:00,range,0.010000000000218279,-0.19999999999781726,short
2026-03-13 09:42:00,2026-03-13 09:43:00,range,-1.0,-10.3,long
2026-03-13 09:46:00,2026-03-13 09:47:00,range,-3.5399999999999636,-35.69999999999963,long
2026-03-13 09:48:00,2026-03-13 09:49:00,transition,-0.5,-5.3,long
2026-03-13 10:01:00,2026-03-13 10:03:00,trend,-7.079999999999927,-71.09999999999927,short
2026-03-13 10:10:00,2026-03-13 10:11:00,transition,-4.039999999999964,-40.69999999999963,long
2026-03-13 10:16:00,2026-03-13 10:18:00,range,0.010000000000218279,-0.19999999999781726,short
2026-03-13 10:25:00,2026-03-13 10:28:00,range,-6.069999999999709,-60.99999999999709,long
2026-03-13 10:32:00,2026-03-13 11:00:00,trend,7.6200000000008,75.900000000008,short
2026-03-13 11:11:00,2026-03-13 11:28:00,trend,-0.5,-5.3,long
2026-03-13 11:28:00,2026-03-13 11:34:00,trend,2.5399999999999636,25.099999999999635,short
2026-03-13 11:41:00,2026-03-13 11:43:00,range,-4.539999999999964,-45.69999999999963,short
2026-03-13 11:46:00,2026-03-13 12:10:00,trend,4.0700000000006185,40.40000000000619,long
2026-03-13 12:10:00,2026-03-13 12:22:00,trend,-16.199999999999818,-162.2999999999982,short
2026-03-13 12:22:00,2026-03-13 13:08:00,trend,13.679999999999382,136.4999999999938,long
2026-03-13 13:08:00,2026-03-13 13:09:00,transition,-3.030000000000655,-30.60000000000655,short
2026-03-13 13:24:00,2026-03-13 13:26:00,range,-5.050000000000182,-50.800000000001816,short
2026-03-13 13:29:00,2026-03-13 13:33:00,trend,-10.1200000000008,-101.500000000008,long
2026-03-13 13:43:00,2026-03-13 13:44:00,range,0.5199999999995271,4.899999999995271,long
2026-03-13 13:51:00,2026-03-13 13:56:00,range,0.009999999999308784,-0.2000000000069122,long
2026-03-13 14:05:00,2026-03-13 14:11:00,range,-6.069999999999709,-60.99999999999709,short
2026-03-13 14:45:00,2026-03-13 15:01:00,trend,1.0200000000004366,9.900000000004365,long
2026-03-13 15:01:00,2026-03-13 15:03:00,trend,-0.5,-5.3,short
2026-03-13 15:10:00,2026-03-13 15:11:00,transition,-2.0200000000004366,-20.500000000004366,short
2026-03-13 15:16:00,2026-03-13 15:33:00,trend,0.010000000000218279,-0.19999999999781726,long
2026-03-13 15:33:00,2026-03-13 15:36:00,trend,3.5600000000004,35.300000000004005,short
2026-03-13 16:12:00,2026-03-13 16:14:00,range,1.0200000000004366,9.900000000004365,short
2026-03-13 16:18:00,2026-03-13 17:00:00,trend,6.600000000000364,65.70000000000364,long
2026-03-13 17:00:00,2026-03-13 17:08:00,trend,-5.559999999999491,-55.899999999994904,short
2026-03-13 17:53:00,2026-03-13 17:54:00,transition,-2.5200000000004366,-25.500000000004366,short
2026-03-13 17:57:00,2026-03-16 09:01:00,trend,-58.74000000000069,-587.7000000000069,long
2026-03-16 09:21:00,2026-03-16 09:26:00,trend,-1.5,-15.3,short
2026-03-16 09:26:00,2026-03-16 09:30:00,trend,-5.050000000000182,-50.800000000001816,long
2026-03-16 09:30:00,2026-03-16 09:44:00,trend,-4.550000000000182,-45.800000000001816,short
2026-03-16 09:44:00,2026-03-16 09:55:00,trend,1.019999999999527,9.89999999999527,long
2026-03-16 10:08:00,2026-03-16 10:11:00,range,2.5399999999999636,25.099999999999635,short
2026-03-16 10:20:00,2026-03-16 10:23:00,range,3.0600000000004,30.300000000004,short
2026-03-16 10:25:00,2026-03-16 10:27:00,range,-1.5100000000002183,-15.400000000002183,short
2026-03-16 10:28:00,2026-03-16 10:31:00,range,4.069999999999709,40.39999999999709,short
2026-03-16 10:35:00,2026-03-16 10:36:00,range,-5.050000000000182,-50.800000000001816,long
2026-03-16 10:37:00,2026-03-16 10:41:00,range,0.009999999999308784,-0.2000000000069122,long
2026-03-16 10:47:00,2026-03-16 11:13:00,trend,-1.5100000000002183,-15.400000000002183,short
2026-03-16 11:13:00,2026-03-16 11:14:00,trend,-0.5,-5.3,long
2026-03-16 11:14:00,2026-03-16 11:16:00,trend,1.5300000000006548,15.000000000006548,short
2026-03-16 11:26:00,2026-03-16 11:27:00,range,-1.0,-10.3,short
2026-03-16 11:31:00,2026-03-16 11:35:00,range,-6.5700000000006185,-66.00000000000618,short
2026-03-16 11:37:00,2026-03-16 11:54:00,trend,-4.039999999999964,-40.69999999999963,long
2026-03-16 11:54:00,2026-03-16 12:00:00,trend,1.0200000000004366,9.900000000004365,short
2026-03-16 12:27:00,2026-03-16 12:53:00,trend,-6.569999999999709,-65.99999999999709,short
2026-03-16 12:53:00,2026-03-16 13:05:00,trend,-9.100000000000364,-91.30000000000364,long
2026-03-16 13:10:00,2026-03-16 13:24:00,trend,-10.11999999999989,-101.4999999999989,short
2026-03-16 13:24:00,2026-03-16 13:43:00,trend,-6.579999999999927,-66.09999999999927,long
2026-03-16 13:43:00,2026-03-16 13:48:00,trend,-4.039999999999964,-40.69999999999963,short
2026-03-16 14:01:00,2026-03-16 14:02:00,range,-4.549999999999272,-45.79999999999272,long
2026-03-16 14:15:00,2026-03-16 14:35:00,trend,-1.5099999999993088,-15.399999999993089,short
2026-03-16 15:05:00,2026-03-16 15:07:00,range,-4.550000000000182,-45.800000000001816,long
2026-03-16 15:09:00,2026-03-16 15:56:00,trend,16.220000000000255,161.90000000000254,short
2026-03-16 15:56:00,2026-03-16 16:09:00,trend,-6.569999999999709,-65.99999999999709,long
2026-03-16 16:09:00,2026-03-16 16:36:00,trend,-2.5200000000004366,-25.500000000004366,short
2026-03-16 16:36:00,2026-03-16 16:37:00,trend,-1.0,-10.3,long
2026-03-16 16:37:00,2026-03-16 16:43:00,trend,-4.039999999999964,-40.69999999999963,short
2026-03-16 16:43:00,2026-03-16 16:53:00,trend,-1.0,-10.3,long
2026-03-16 17:36:00,2026-03-16 17:50:00,trend,-4.039999999999964,-40.69999999999963,long
2026-03-16 17:50:00,2026-03-16 17:54:00,trend,0.5199999999995271,4.899999999995271,short
2026-03-17 09:02:00,2026-03-17 09:03:00,range,2.5399999999999636,25.099999999999635,short
2026-03-17 09:25:00,2026-03-17 09:49:00,trend,-6.069999999999709,-60.99999999999709,short
2026-03-17 09:49:00,2026-03-17 10:05:00,trend,0.010000000000218279,-0.19999999999781726,long
2026-03-17 10:19:00,2026-03-17 10:25:00,range,-6.0600000000004,-60.900000000004,long
2026-03-17 10:33:00,2026-03-17 10:35:00,range,-0.4899999999997817,-5.199999999997817,long
2026-03-17 10:52:00,2026-03-17 10:55:00,range,0.5200000000004366,4.900000000004366,short
2026-03-17 11:03:00,2026-03-17 11:05:00,trend,-7.5900000000001455,-76.20000000000145,long
2026-03-17 11:09:00,2026-03-17 11:13:00,trend,-7.579999999999927,-76.09999999999927,short
2026-03-17 11:18:00,2026-03-17 11:19:00,range,-1.5100000000002183,-15.400000000002183,short
2026-03-17 11:23:00,2026-03-17 11:24:00,transition,-1.5100000000002183,-15.400000000002183,short
2026-03-17 11:32:00,2026-03-17 11:35:00,trend,-6.569999999999709,-65.99999999999709,long
2026-03-17 11:45:00,2026-03-17 11:46:00,range,1.5299999999997453,14.999999999997453,long
2026-03-17 12:13:00,2026-03-17 12:47:00,trend,-2.0100000000002183,-20.400000000002183,long
2026-03-17 12:55:00,2026-03-17 13:36:00,trend,2.0399999999999636,20.099999999999635,short
2026-03-17 13:36:00,2026-03-17 13:40:00,trend,-1.5100000000002183,-15.400000000002183,long
2026-03-17 14:11:00,2026-03-17 14:12:00,transition,0.009999999999308784,-0.2000000000069122,short
2026-03-17 14:17:00,2026-03-17 14:19:00,trend,-2.0100000000002183,-20.400000000002183,long
2026-03-17 14:37:00,2026-03-17 15:19:00,trend,10.140000000000327,101.10000000000328,short
2026-03-17 15:19:00,2026-03-17 15:44:00,trend,21.789999999999964,217.59999999999962,long
2026-03-17 15:50:00,2026-03-17 15:54:00,trend,-3.5299999999997453,-35.59999999999745,long
2026-03-17 15:54:00,2026-03-17 16:05:00,trend,-7.079999999999927,-71.09999999999927,short
2026-03-17 16:05:00,2026-03-17 16:15:00,trend,-4.550000000000182,-45.800000000001816,long
2026-03-17 16:35:00,2026-03-17 16:54:00,trend,-4.039999999999964,-40.69999999999963,long
2026-03-17 16:54:00,2026-03-17 16:56:00,trend,-2.519999999999527,-25.49999999999527,short
2026-03-17 17:01:00,2026-03-17 17:27:00,trend,2.0399999999999636,20.099999999999635,short
2026-03-17 17:50:00,2026-03-17 17:51:00,trend,-1.0,-10.3,long
2026-03-17 17:51:00,2026-03-17 18:11:00,trend,0.5199999999995271,4.899999999995271,short
2026-03-17 18:17:00,2026-03-17 18:21:00,trend,3.5600000000004,35.300000000004005,long
2026-03-18 09:01:00,2026-03-18 09:03:00,trend,3.050000000000182,30.20000000000182,long
2026-03-18 09:33:00,2026-03-18 10:09:00,trend,9.63000000000011,96.0000000000011,long
2026-03-18 10:21:00,2026-03-18 10:22:00,range,-2.019999999999527,-20.49999999999527,long
2026-03-18 10:23:00,2026-03-18 10:24:00,range,1.5300000000006548,15.000000000006548,long
2026-03-18 10:30:00,2026-03-18 10:31:00,range,-4.039999999999964,-40.69999999999963,long
2026-03-18 10:32:00,2026-03-18 10:34:00,range,-0.5,-5.3,long
2026-03-18 10:35:00,2026-03-18 10:36:00,transition,-0.4899999999997817,-5.199999999997817,long
2026-03-18 10:41:00,2026-03-18 10:51:00,trend,-4.039999999999964,-40.69999999999963,short
2026-03-18 11:05:00,2026-03-18 11:19:00,trend,-8.090000000000146,-81.20000000000145,short
2026-03-18 11:19:00,2026-03-18 11:20:00,transition,1.0300000000006548,10.000000000006548,long
2026-03-18 11:29:00,2026-03-18 11:35:00,trend,-8.090000000000146,-81.20000000000145,long
2026-03-18 11:39:00,2026-03-18 11:40:00,range,-2.5200000000004366,-25.500000000004366,long
2026-03-18 11:41:00,2026-03-18 11:42:00,transition,-0.4899999999997817,-5.199999999997817,long
2026-03-18 11:46:00,2026-03-18 11:49:00,range,-3.5299999999997453,-35.59999999999745,long
2026-03-18 12:01:00,2026-03-18 12:20:00,trend,-3.5299999999997453,-35.59999999999745,short
2026-03-18 12:20:00,2026-03-18 12:27:00,trend,-2.5200000000004366,-25.500000000004366,long
2026-03-18 12:41:00,2026-03-18 12:45:00,trend,-1.5100000000002183,-15.400000000002183,short
2026-03-18 12:49:00,2026-03-18 12:50:00,transition,1.0299999999997453,9.999999999997453,long
2026-03-18 13:15:00,2026-03-18 13:32:00,trend,-10.11999999999989,-101.4999999999989,short
2026-03-18 13:32:00,2026-03-18 13:55:00,trend,1.0200000000004366,9.900000000004365,long
2026-03-18 13:55:00,2026-03-18 14:09:00,trend,-5.559999999999491,-55.899999999994904,short
2026-03-18 14:09:00,2026-03-18 14:25:00,trend,-3.5299999999997453,-35.59999999999745,long
2026-03-18 14:39:00,2026-03-18 14:40:00,transition,-1.0,-10.3,long
2026-03-18 14:48:00,2026-03-18 14:56:00,trend,-7.079999999999927,-71.09999999999927,short
2026-03-18 15:02:00,2026-03-18 15:07:00,trend,0.010000000000218279,-0.19999999999781726,long
2026-03-18 15:33:00,2026-03-18 15:34:00,transition,-2.5100000000002183,-25.400000000002183,short
2026-03-18 15:39:00,2026-03-18 15:41:00,range,-1.5100000000002183,-15.400000000002183,short
2026-03-18 15:53:00,2026-03-18 15:54:00,range,0.009999999999308784,-0.2000000000069122,short
2026-03-18 16:24:00,2026-03-18 16:27:00,range,0.5200000000004366,4.900000000004366,short
2026-03-18 16:36:00,2026-03-18 16:37:00,range,-2.0100000000002183,-20.400000000002183,long
2026-03-18 16:48:00,2026-03-18 17:47:00,trend,27.36999999999989,273.3999999999989,long
2026-03-18 17:47:00,2026-03-18 17:52:00,trend,-7.0700000000006185,-71.00000000000618,short
2026-03-18 17:52:00,2026-03-18 18:18:00,trend,-15.69000000000051,-157.2000000000051,long
2026-03-18 18:18:00,2026-03-19 09:02:00,trend,-9.110000000000582,-91.40000000000582,short
2026-03-19 09:22:00,2026-03-19 09:25:00,range,-4.539999999999964,-45.69999999999963,short
2026-03-19 09:27:00,2026-03-19 09:43:00,trend,-28.859999999999673,-288.89999999999674,long
2026-03-19 09:43:00,2026-03-19 09:50:00,trend,-8.089999999999236,-81.19999999999236,short
2026-03-19 10:04:00,2026-03-19 10:09:00,range,-6.0600000000004,-60.900000000004,short
2026-03-19 10:13:00,2026-03-19 10:21:00,trend,-30.890000000000327,-309.2000000000033,long
2026-03-19 10:21:00,2026-03-19 10:24:00,trend,-10.63000000000011,-106.60000000000109,short
2026-03-19 10:28:00,2026-03-19 10:31:00,range,1.5299999999997453,14.999999999997453,long
2026-03-19 10:36:00,2026-03-19 10:41:00,range,0.019999999999527063,-0.10000000000472942,long
2026-03-19 10:42:00,2026-03-19 10:43:00,range,-3.5299999999997453,-35.59999999999745,long
2026-03-19 10:46:00,2026-03-19 10:50:00,range,18.76000000000022,187.30000000000217,short
2026-03-19 10:51:00,2026-03-19 10:59:00,range,-12.149999999999636,-121.79999999999636,long
2026-03-19 11:03:00,2026-03-19 11:10:00,trend,-3.5299999999997453,-35.59999999999745,short
2026-03-19 11:22:00,2026-03-19 11:23:00,range,-5.5600000000004,-55.900000000004,short
2026-03-19 11:28:00,2026-03-19 11:32:00,range,10.649999999999636,106.19999999999636,short
2026-03-19 11:34:00,2026-03-19 11:38:00,range,-6.579999999999927,-66.09999999999927,long
2026-03-19 11:42:00,2026-03-19 11:50:00,trend,1.0300000000006548,10.000000000006548,short
2026-03-19 11:52:00,2026-03-19 12:23:00,trend,2.550000000000182,25.20000000000182,short
2026-03-19 12:32:00,2026-03-19 12:53:00,trend,-3.5299999999997453,-35.59999999999745,long
2026-03-19 12:59:00,2026-03-19 13:17:00,trend,-1.0,-10.3,short
2026-03-19 13:17:00,2026-03-19 13:21:00,trend,0.010000000000218279,-0.19999999999781726,long
2026-03-19 13:27:00,2026-03-19 13:29:00,trend,0.010000000000218279,-0.19999999999781726,long
2026-03-19 13:36:00,2026-03-19 13:39:00,range,2.0399999999999636,20.099999999999635,short
2026-03-19 13:47:00,2026-03-19 13:48:00,range,-2.019999999999527,-20.49999999999527,short
2026-03-19 13:49:00,2026-03-19 13:53:00,range,-1.5100000000002183,-15.400000000002183,short
2026-03-19 14:02:00,2026-03-19 14:05:00,range,5.5900000000001455,55.60000000000146,long
2026-03-19 14:09:00,2026-03-19 14:12:00,range,1.5399999999999636,15.099999999999635,short
2026-03-19 14:19:00,2026-03-19 14:22:00,range,-9.100000000000364,-91.30000000000364,long
2026-03-19 14:25:00,2026-03-19 14:39:00,trend,-5.559999999999491,-55.899999999994904,short
2026-03-19 14:39:00,2026-03-19 14:43:00,trend,0.010000000000218279,-0.19999999999781726,long
2026-03-19 15:03:00,2026-03-19 15:04:00,transition,-1.5100000000002183,-15.400000000002183,short
2026-03-19 15:31:00,2026-03-19 15:32:00,range,-2.5200000000004366,-25.500000000004366,short
2026-03-19 15:37:00,2026-03-19 15:39:00,range,-4.039999999999964,-40.69999999999963,short
2026-03-19 15:41:00,2026-03-19 15:55:00,trend,-11.13000000000011,-111.60000000000109,long
2026-03-19 15:55:00,2026-03-19 16:05:00,trend,28.3799999999992,283.499999999992,short
2026-03-19 16:22:00,2026-03-19 16:25:00,trend,-2.0100000000002183,-20.400000000002183,short
2026-03-19 16:25:00,2026-03-19 16:38:00,trend,4.0700000000006185,40.40000000000619,long
2026-03-19 16:46:00,2026-03-19 16:51:00,range,0.010000000000218279,-0.19999999999781726,short
2026-03-19 16:52:00,2026-03-19 16:53:00,range,-0.5,-5.3,short
2026-03-19 16:58:00,2026-03-19 16:59:00,range,-2.0100000000002183,-20.400000000002183,long
2026-03-19 17:00:00,2026-03-19 17:01:00,range,0.009999999999308784,-0.2000000000069122,long
2026-03-19 17:14:00,2026-03-19 17:15:00,range,-1.0,-10.3,short
2026-03-19 17:17:00,2026-03-19 17:18:00,range,-1.0,-10.3,short
2026-03-19 17:20:00,2026-03-19 17:21:00,transition,0.5199999999995271,4.899999999995271,short
2026-03-19 17:32:00,2026-03-19 17:33:00,transition,-1.0,-10.3,short
2026-03-19 18:05:00,2026-03-19 18:11:00,trend,-3.030000000000655,-30.60000000000655,short
2026-03-20 09:21:00,2026-03-20 09:32:00,trend,-7.079999999999927,-71.09999999999927,long
2026-03-20 09:43:00,2026-03-20 09:55:00,trend,-7.5900000000001455,-76.20000000000145,long
2026-03-20 10:00:00,2026-03-20 10:02:00,range,5.5900000000001455,55.60000000000146,long
2026-03-20 10:08:00,2026-03-20 10:09:00,range,-2.5100000000002183,-25.400000000002183,short
2026-03-20 10:10:00,2026-03-20 10:11:00,transition,-1.5100000000002183,-15.400000000002183,short
2026-03-20 10:16:00,2026-03-20 10:46:00,trend,8.61999999999989,85.89999999999891,long
2026-03-20 10:46:00,2026-03-20 10:54:00,trend,-12.140000000000327,-121.70000000000327,short
2026-03-20 10:54:00,2026-03-20 11:36:00,trend,13.19000000000051,131.60000000000508,long
2026-03-20 11:36:00,2026-03-20 11:40:00,trend,-4.539999999999964,-45.69999999999963,short
2026-03-20 11:46:00,2026-03-20 11:48:00,range,-1.5100000000002183,-15.400000000002183,long
2026-03-20 11:49:00,2026-03-20 11:50:00,range,-2.0100000000002183,-20.400000000002183,long
2026-03-20 12:01:00,2026-03-20 12:03:00,range,2.5399999999999636,25.099999999999635,long
2026-03-20 12:10:00,2026-03-20 12:13:00,range,-5.5600000000004,-55.900000000004,long
2026-03-20 12:15:00,2026-03-20 12:23:00,trend,5.5900000000001455,55.60000000000146,short
2026-03-20 12:24:00,2026-03-20 12:27:00,trend,-1.5,-15.3,short
2026-03-20 12:27:00,2026-03-20 12:35:00,trend,-11.1299999999992,-111.599999999992,long
2026-03-20 12:35:00,2026-03-20 12:46:00,trend,-11.1299999999992,-111.599999999992,short
2026-03-20 12:46:00,2026-03-20 12:48:00,trend,-3.5299999999997453,-35.59999999999745,long
2026-03-20 13:04:00,2026-03-20 13:05:00,range,-1.5,-15.3,long
2026-03-20 13:13:00,2026-03-20 13:17:00,range,-3.5299999999997453,-35.59999999999745,long
2026-03-20 13:21:00,2026-03-20 13:29:00,trend,-5.5600000000004,-55.900000000004,short
2026-03-20 14:29:00,2026-03-20 14:51:00,trend,2.0399999999999636,20.099999999999635,long
2026-03-20 15:01:00,2026-03-20 15:02:00,transition,-5.059999999999491,-50.899999999994904,long
2026-03-20 15:06:00,2026-03-20 15:13:00,trend,-1.0,-10.3,short
2026-03-20 15:22:00,2026-03-20 15:23:00,transition,6.0900000000001455,60.60000000000146,short
2026-03-20 15:25:00,2026-03-20 15:27:00,trend,0.5199999999995271,4.899999999995271,long
2026-03-20 15:39:00,2026-03-20 15:40:00,transition,-2.019999999999527,-20.49999999999527,long
2026-03-20 15:47:00,2026-03-20 16:06:00,trend,3.0599999999994907,30.299999999994906,long
2026-03-20 16:06:00,2026-03-20 16:07:00,trend,0.019999999999527063,-0.10000000000472942,short
2026-03-20 16:07:00,2026-03-20 16:08:00,trend,1.0299999999997453,9.999999999997453,long
2026-03-20 16:08:00,2026-03-20 16:10:00,trend,-0.4899999999997817,-5.199999999997817,short
2026-03-20 16:10:00,2026-03-20 16:19:00,trend,-8.089999999999236,-81.19999999999236,long
2026-03-20 16:37:00,2026-03-20 16:40:00,range,3.050000000000182,30.20000000000182,short
2026-03-20 16:53:00,2026-03-20 17:02:00,range,-3.5299999999997453,-35.59999999999745,long
2026-03-20 17:10:00,2026-03-20 17:13:00,trend,1.5399999999999636,15.099999999999635,short
2026-03-20 17:44:00,2026-03-20 17:53:00,trend,1.5299999999997453,14.999999999997453,long
2026-03-20 17:54:00,2026-03-20 18:10:00,trend,-4.039999999999964,-40.69999999999963,long
2026-03-20 18:10:00,2026-03-20 18:16:00,trend,9.13000000000011,91.0000000000011,short
2026-03-20 18:18:00,2026-03-20 18:22:00,trend,16.230000000000473,162.00000000000472,short
2026-03-23 09:25:00,2026-03-23 09:30:00,range,-2.019999999999527,-20.49999999999527,long
2026-03-23 09:31:00,2026-03-23 09:32:00,range,1.5300000000006548,15.000000000006548,long
2026-03-23 09:37:00,2026-03-23 09:38:00,range,-0.4900000000006912,-5.200000000006912,long
2026-03-23 09:41:00,2026-03-23 09:42:00,range,8.11999999999989,80.89999999999891,short
2026-03-23 09:42:00,2026-03-23 09:48:00,range,-3.5299999999997453,-35.59999999999745,long
2026-03-23 10:06:00,2026-03-23 10:07:00,range,0.010000000000218279,-0.19999999999781726,short
2026-03-23 10:11:00,2026-03-23 10:13:00,range,-1.5100000000002183,-15.400000000002183,short
2026-03-23 10:14:00,2026-03-23 10:15:00,range,1.5399999999999636,15.099999999999635,short
2026-03-23 10:18:00,2026-03-23 10:19:00,range,-3.030000000000655,-30.60000000000655,short
2026-03-23 10:24:00,2026-03-23 10:25:00,range,-3.5299999999997453,-35.59999999999745,short
2026-03-23 10:26:00,2026-03-23 10:27:00,range,0.5200000000004366,4.900000000004366,short
2026-03-23 10:33:00,2026-03-23 10:37:00,range,8.11999999999989,80.89999999999891,short
2026-03-23 10:40:00,2026-03-23 10:44:00,range,0.5199999999995271,4.899999999995271,long
2026-03-23 10:46:00,2026-03-23 10:48:00,range,1.0299999999997453,9.999999999997453,long
2026-03-23 10:49:00,2026-03-23 10:55:00,range,8.61999999999989,85.89999999999891,long
2026-03-23 10:56:00,2026-03-23 10:57:00,range,-2.5200000000004366,-25.500000000004366,short
2026-03-23 11:02:00,2026-03-23 11:07:00,range,-0.5,-5.3,long
2026-03-23 11:08:00,2026-03-23 11:14:00,range,-7.079999999999927,-71.09999999999927,long
2026-03-23 11:18:00,2026-03-23 11:48:00,trend,1.5300000000006548,15.000000000006548,short
2026-03-23 11:48:00,2026-03-23 12:04:00,trend,-8.599999999999454,-86.29999999999454,long
2026-03-23 12:04:00,2026-03-23 12:15:00,trend,1.0299999999997453,9.999999999997453,short
2026-03-23 12:21:00,2026-03-23 12:22:00,range,2.0399999999999636,20.099999999999635,short
2026-03-23 12:27:00,2026-03-23 12:36:00,range,-7.079999999999927,-71.09999999999927,short
2026-03-23 12:39:00,2026-03-23 12:50:00,trend,-5.5600000000004,-55.900000000004,long
2026-03-23 12:54:00,2026-03-23 13:09:00,trend,-11.13000000000011,-111.60000000000109,long
2026-03-23 13:09:00,2026-03-23 13:18:00,trend,-16.199999999999818,-162.2999999999982,short
2026-03-23 13:18:00,2026-03-23 13:37:00,trend,-6.069999999999709,-60.99999999999709,long
2026-03-23 13:37:00,2026-03-23 13:43:00,trend,-1.0,-10.3,short
2026-03-23 13:49:00,2026-03-23 13:52:00,range,-1.0,-10.3,long
2026-03-23 13:54:00,2026-03-23 13:56:00,range,0.010000000000218279,-0.19999999999781726,long
2026-03-23 14:08:00,2026-03-23 14:09:00,range,0.010000000000218279,-0.19999999999781726,long
2026-03-23 14:34:00,2026-03-23 14:37:00,range,-5.559999999999491,-55.899999999994904,long
2026-03-23 14:39:00,2026-03-23 14:51:00,trend,-3.0200000000004366,-30.500000000004366,short
2026-03-23 14:51:00,2026-03-23 14:57:00,trend,-4.039999999999964,-40.69999999999963,long
2026-03-23 14:57:00,2026-03-23 15:05:00,trend,-5.059999999999491,-50.899999999994904,short
2026-03-23 15:23:00,2026-03-23 15:27:00,trend,-3.5299999999997453,-35.59999999999745,long
2026-03-23 15:27:00,2026-03-23 15:28:00,transition,-3.0299999999997453,-30.599999999997454,short
2026-03-23 15:34:00,2026-03-23 15:35:00,transition,-1.0,-10.3,long
2026-03-23 15:39:00,2026-03-23 15:40:00,transition,-4.039999999999964,-40.69999999999963,short
2026-03-23 16:02:00,2026-03-23 16:03:00,range,-3.030000000000655,-30.60000000000655,short
2026-03-23 16:04:00,2026-03-23 16:11:00,range,-1.5,-15.3,short
2026-03-23 16:55:00,2026-03-23 17:14:00,trend,-4.550000000000182,-45.800000000001816,long
2026-03-23 17:14:00,2026-03-23 17:26:00,trend,-2.5200000000004366,-25.500000000004366,short
2026-03-24 09:21:00,2026-03-24 09:28:00,trend,-12.650000000000546,-126.80000000000545,long
2026-03-24 09:28:00,2026-03-24 09:38:00,trend,-21.26000000000022,-212.9000000000022,short
2026-03-24 09:38:00,2026-03-24 09:52:00,trend,-15.180000000000291,-152.10000000000292,long
2026-03-24 09:52:00,2026-03-24 10:01:00,trend,1.0299999999997453,9.999999999997453,short
2026-03-24 10:04:00,2026-03-24 10:09:00,trend,-12.140000000000327,-121.70000000000327,short
2026-03-24 10:19:00,2026-03-24 10:22:00,range,-1.5100000000002183,-15.400000000002183,short
2026-03-24 10:25:00,2026-03-24 10:26:00,range,-8.590000000000146,-86.20000000000145,short
2026-03-24 10:27:00,2026-03-24 10:32:00,range,7.110000000000582,70.80000000000582,short
2026-03-24 10:39:00,2026-03-24 10:40:00,range,0.010000000000218279,-0.19999999999781726,long
2026-03-24 10:54:00,2026-03-24 10:55:00,range,-4.039999999999964,-40.69999999999963,long
2026-03-24 10:56:00,2026-03-24 11:00:00,range,-7.579999999999927,-76.09999999999927,long
2026-03-24 11:02:00,2026-03-24 11:21:00,trend,4.069999999999709,40.39999999999709,short
2026-03-24 11:21:00,2026-03-24 11:28:00,trend,-3.0200000000004366,-30.500000000004366,long
2026-03-24 11:37:00,2026-03-24 11:40:00,range,3.550000000000182,35.20000000000182,short
2026-03-24 11:46:00,2026-03-24 11:55:00,trend,-5.559999999999491,-55.899999999994904,long
2026-03-24 12:04:00,2026-03-24 12:05:00,range,-1.5,-15.3,long
2026-03-24 12:15:00,2026-03-24 12:24:00,range,-5.050000000000182,-50.800000000001816,long
2026-03-24 12:33:00,2026-03-24 12:34:00,range,0.010000000000218279,-0.19999999999781726,short
2026-03-24 12:56:00,2026-03-24 12:59:00,range,-4.039999999999964,-40.69999999999963,short
2026-03-24 13:01:00,2026-03-24 13:11:00,trend,-5.559999999999491,-55.899999999994904,long
2026-03-24 13:17:00,2026-03-24 13:20:00,range,-5.050000000000182,-50.800000000001816,long
2026-03-24 13:41:00,2026-03-24 13:42:00,range,0.5199999999995271,4.899999999995271,short
2026-03-24 14:04:00,2026-03-24 14:05:00,transition,-4.539999999999964,-45.69999999999963,short
2026-03-24 14:08:00,2026-03-24 14:28:00,trend,2.0399999999999636,20.099999999999635,long
2026-03-24 14:28:00,2026-03-24 14:34:00,trend,-5.559999999999491,-55.899999999994904,short
2026-03-24 14:34:00,2026-03-24 14:41:00,trend,-7.079999999999927,-71.09999999999927,long
2026-03-24 15:01:00,2026-03-24 15:16:00,trend,-0.4899999999997817,-5.199999999997817,short
2026-03-24 15:30:00,2026-03-24 15:37:00,trend,-2.0100000000002183,-20.400000000002183,short
2026-03-24 15:40:00,2026-03-24 15:44:00,trend,-7.580000000000837,-76.10000000000836,short
2026-03-24 15:49:00,2026-03-24 15:50:00,range,-0.4899999999997817,-5.199999999997817,short
2026-03-24 16:01:00,2026-03-24 16:02:00,range,-1.0,-10.3,long
2026-03-24 16:04:00,2026-03-24 16:06:00,range,-2.0200000000004366,-20.500000000004366,long
2026-03-24 16:11:00,2026-03-24 16:32:00,trend,-2.0100000000002183,-20.400000000002183,short
2026-03-24 16:32:00,2026-03-24 16:33:00,transition,-1.5,-15.3,long
2026-03-24 16:38:00,2026-03-24 16:45:00,trend,-1.5099999999993088,-15.399999999993089,long
2026-03-24 17:02:00,2026-03-24 17:03:00,transition,-1.5100000000002183,-15.400000000002183,long
2026-03-24 17:22:00,2026-03-24 17:23:00,trend,3.5600000000004,35.300000000004005,short
2026-03-24 17:46:00,2026-03-24 17:49:00,trend,2.5399999999999636,25.099999999999635,short
2026-03-24 17:49:00,2026-03-24 17:59:00,trend,2.0399999999999636,20.099999999999635,long
2026-03-25 09:01:00,2026-03-25 09:05:00,range,-5.559999999999491,-55.899999999994904,long
2026-03-25 09:24:00,2026-03-25 09:26:00,range,0.5200000000004366,4.900000000004366,short
2026-03-25 09:27:00,2026-03-25 09:28:00,transition,1.0299999999997453,9.999999999997453,short
2026-03-25 09:53:00,2026-03-25 09:55:00,trend,-9.100000000000364,-91.30000000000364,long
2026-03-25 10:02:00,2026-03-25 10:03:00,range,-3.0200000000004366,-30.500000000004366,long
2026-03-25 10:06:00,2026-03-25 10:07:00,range,-3.0299999999997453,-30.599999999997454,long
2026-03-25 10:08:00,2026-03-25 10:09:00,range,1.019999999999527,9.89999999999527,long
2026-03-25 10:14:00,2026-03-25 10:18:00,range,-1.5,-15.3,short
2026-03-25 10:33:00,2026-03-25 10:34:00,range,-1.5100000000002183,-15.400000000002183,long
2026-03-25 10:36:00,2026-03-25 10:38:00,range,1.5399999999999636,15.099999999999635,long
2026-03-25 10:47:00,2026-03-25 10:52:00,range,-7.079999999999927,-71.09999999999927,short
2026-03-25 11:00:00,2026-03-25 11:01:00,transition,4.569999999999709,45.39999999999709,short
2026-03-25 11:10:00,2026-03-25 11:11:00,range,-2.009999999999309,-20.39999999999309,long
2026-03-25 11:17:00,2026-03-25 11:24:00,range,2.0399999999999636,20.099999999999635,long
2026-03-25 11:26:00,2026-03-25 11:28:00,range,-4.039999999999964,-40.69999999999963,long
2026-03-25 11:31:00,2026-03-25 12:10:00,trend,1.5299999999997453,14.999999999997453,short
2026-03-25 12:10:00,2026-03-25 12:30:00,trend,2.5399999999999636,25.099999999999635,long
2026-03-25 12:30:00,2026-03-25 12:41:00,trend,-6.069999999999709,-60.99999999999709,short
2026-03-25 12:41:00,2026-03-25 12:58:00,trend,-7.5900000000001455,-76.20000000000145,long
2026-03-25 12:58:00,2026-03-25 13:02:00,trend,-3.5399999999999636,-35.69999999999963,short
2026-03-25 13:25:00,2026-03-25 13:27:00,range,-0.4900000000006912,-5.200000000006912,long
2026-03-25 13:29:00,2026-03-25 13:45:00,trend,3.5600000000004,35.300000000004005,short
2026-03-25 13:45:00,2026-03-25 13:46:00,trend,-1.0,-10.3,long
2026-03-25 13:46:00,2026-03-25 13:58:00,trend,-4.539999999999964,-45.69999999999963,short
2026-03-25 13:58:00,2026-03-25 14:03:00,trend,1.5399999999999636,15.099999999999635,long
2026-03-25 14:11:00,2026-03-25 14:12:00,transition,-2.0200000000004366,-20.500000000004366,long
2026-03-25 14:22:00,2026-03-25 14:23:00,range,-4.039999999999964,-40.69999999999963,long
2026-03-25 14:27:00,2026-03-25 14:55:00,trend,0.009999999999308784,-0.2000000000069122,short
2026-03-25 14:55:00,2026-03-25 15:01:00,trend,0.009999999999308784,-0.2000000000069122,long
2026-03-25 15:07:00,2026-03-25 15:09:00,trend,-0.4899999999997817,-5.199999999997817,long
2026-03-25 15:09:00,2026-03-25 15:31:00,trend,-2.009999999999309,-20.39999999999309,short
2026-03-25 15:31:00,2026-03-25 15:32:00,transition,-0.4899999999997817,-5.199999999997817,long
2026-03-25 15:43:00,2026-03-25 15:45:00,range,2.030000000000655,20.000000000006548,short
2026-03-25 15:52:00,2026-03-25 16:22:00,trend,4.569999999999709,45.39999999999709,long
2026-03-25 16:22:00,2026-03-25 16:28:00,trend,-1.0,-10.3,short
2026-03-25 16:39:00,2026-03-25 16:41:00,trend,-2.5200000000004366,-25.500000000004366,long
2026-03-25 17:20:00,2026-03-25 17:34:00,trend,-2.0100000000002183,-20.400000000002183,short
2026-03-25 17:40:00,2026-03-25 18:29:00,trend,4.5700000000006185,45.40000000000619,long
2026-03-25 18:29:00,2026-03-26 09:01:00,trend,-30.889999999999418,-309.1999999999942,short
2026-03-26 09:21:00,2026-03-26 09:22:00,trend,2.550000000000182,25.20000000000182,short
2026-03-26 09:22:00,2026-03-26 09:39:00,trend,1.0299999999997453,9.999999999997453,long
2026-03-26 09:39:00,2026-03-26 09:41:00,trend,-3.530000000000655,-35.600000000006546,short
2026-03-26 09:45:00,2026-03-26 09:47:00,range,6.599999999999454,65.69999999999455,long
2026-03-26 09:53:00,2026-03-26 09:55:00,range,-2.519999999999527,-25.49999999999527,long
2026-03-26 09:56:00,2026-03-26 09:57:00,range,-2.519999999999527,-25.49999999999527,long
2026-03-26 09:58:00,2026-03-26 10:00:00,range,-4.539999999999964,-45.69999999999963,long
2026-03-26 10:02:00,2026-03-26 10:36:00,trend,2.0399999999999636,20.099999999999635,short
2026-03-26 10:36:00,2026-03-26 10:37:00,trend,-3.5299999999997453,-35.59999999999745,long
2026-03-26 10:37:00,2026-03-26 10:41:00,trend,-3.0200000000004366,-30.500000000004366,short
2026-03-26 10:41:00,2026-03-26 10:42:00,transition,-5.5600000000004,-55.900000000004,long
2026-03-26 10:46:00,2026-03-26 11:00:00,trend,3.5599999999994907,35.29999999999491,short
2026-03-26 11:09:00,2026-03-26 11:10:00,range,-1.5100000000002183,-15.400000000002183,short
2026-03-26 11:11:00,2026-03-26 11:12:00,transition,-0.4899999999997817,-5.199999999997817,short
2026-03-26 11:15:00,2026-03-26 11:16:00,transition,-1.5100000000002183,-15.400000000002183,long
2026-03-26 11:42:00,2026-03-26 11:48:00,range,-1.5100000000002183,-15.400000000002183,short
2026-03-26 11:54:00,2026-03-26 11:56:00,range,3.0599999999994907,30.299999999994906,short
2026-03-26 12:18:00,2026-03-26 12:19:00,range,0.010000000000218279,-0.19999999999781726,short
2026-03-26 13:21:00,2026-03-26 13:56:00,trend,5.579999999999927,55.499999999999275,long
2026-03-26 13:56:00,2026-03-26 14:12:00,trend,0.010000000000218279,-0.19999999999781726,short
2026-03-26 14:53:00,2026-03-26 15:02:00,trend,-4.539999999999964,-45.69999999999963,long
2026-03-26 15:15:00,2026-03-26 15:16:00,range,-4.550000000000182,-45.800000000001816,long
2026-03-26 15:17:00,2026-03-26 15:18:00,transition,-0.5,-5.3,long
2026-03-26 15:21:00,2026-03-26 16:04:00,trend,1.5399999999999636,15.099999999999635,short
2026-03-26 16:04:00,2026-03-26 16:07:00,trend,0.5200000000004366,4.900000000004366,long
2026-03-26 16:12:00,2026-03-26 16:18:00,trend,-5.0600000000004,-50.900000000004,long
2026-03-26 16:31:00,2026-03-26 16:38:00,trend,-4.549999999999272,-45.79999999999272,long
2026-03-26 16:45:00,2026-03-26 17:12:00,trend,-12.140000000000327,-121.70000000000327,long
2026-03-26 17:32:00,2026-03-26 17:39:00,trend,-3.5299999999997453,-35.59999999999745,long
2026-03-26 17:39:00,2026-03-26 17:49:00,trend,-1.0,-10.3,short
2026-03-26 18:18:00,2026-03-27 09:01:00,trend,-28.350000000000364,-283.80000000000365,short
2026-03-27 09:22:00,2026-03-27 09:33:00,trend,5.579999999999927,55.499999999999275,short
2026-03-27 09:42:00,2026-03-27 09:46:00,range,-3.530000000000655,-35.600000000006546,long
2026-03-27 09:49:00,2026-03-27 10:06:00,trend,4.5700000000006185,45.40000000000619,short
2026-03-27 10:32:00,2026-03-27 10:33:00,range,-1.0,-10.3,short
2026-03-27 10:39:00,2026-03-27 10:49:00,range,-13.660000000000764,-136.90000000000765,long
2026-03-27 11:18:00,2026-03-27 11:20:00,range,-0.4899999999997817,-5.199999999997817,long
2026-03-27 11:37:00,2026-03-27 11:38:00,range,-3.5299999999997453,-35.59999999999745,short
2026-03-27 11:39:00,2026-03-27 11:41:00,range,1.0200000000004366,9.900000000004365,short
2026-03-27 11:50:00,2026-03-27 11:53:00,range,-1.0,-10.3,long
2026-03-27 11:59:00,2026-03-27 12:19:00,trend,5.069999999999709,50.39999999999709,short
2026-03-27 12:19:00,2026-03-27 12:27:00,trend,-2.0200000000004366,-20.500000000004366,long
2026-03-27 12:27:00,2026-03-27 12:41:00,trend,-3.030000000000655,-30.60000000000655,short
2026-03-27 13:00:00,2026-03-27 13:04:00,trend,-5.049999999999272,-50.79999999999272,long
2026-03-27 13:14:00,2026-03-27 13:15:00,transition,-3.0299999999997453,-30.599999999997454,short
2026-03-27 13:19:00,2026-03-27 13:49:00,trend,-4.039999999999964,-40.69999999999963,long
2026-03-27 13:49:00,2026-03-27 14:03:00,trend,-8.089999999999236,-81.19999999999236,short
2026-03-27 14:03:00,2026-03-27 14:10:00,trend,3.5600000000004,35.300000000004005,long
2026-03-27 14:22:00,2026-03-27 14:23:00,transition,-2.0100000000002183,-20.400000000002183,short
2026-03-27 14:27:00,2026-03-27 14:37:00,trend,-9.100000000000364,-91.30000000000364,long
2026-03-27 14:37:00,2026-03-27 14:38:00,transition,0.019999999999527063,-0.10000000000472942,short
2026-03-27 14:46:00,2026-03-27 14:47:00,range,-0.4899999999997817,-5.199999999997817,long
2026-03-27 15:08:00,2026-03-27 15:21:00,trend,-4.039999999999964,-40.69999999999963,long
2026-03-27 15:21:00,2026-03-27 15:26:00,trend,-0.5,-5.3,short
2026-03-27 15:38:00,2026-03-27 15:39:00,range,-2.0100000000002183,-20.400000000002183,long
2026-03-27 15:43:00,2026-03-27 15:45:00,range,-1.0,-10.3,long
2026-03-27 15:47:00,2026-03-27 15:56:00,trend,-6.069999999999709,-60.99999999999709,short
2026-03-27 15:56:00,2026-03-27 15:57:00,transition,-3.0299999999997453,-30.599999999997454,long
2026-03-27 16:19:00,2026-03-27 16:20:00,transition,0.010000000000218279,-0.19999999999781726,long
2026-03-27 16:26:00,2026-03-27 16:30:00,trend,-3.5399999999999636,-35.69999999999963,short
2026-03-27 17:00:00,2026-03-27 17:03:00,trend,3.550000000000182,35.20000000000182,short
2026-03-30 09:26:00,2026-03-30 09:29:00,range,3.050000000000182,30.20000000000182,long
2026-03-30 09:40:00,2026-03-30 10:10:00,trend,2.0399999999999636,20.099999999999635,short
2026-03-30 10:10:00,2026-03-30 10:11:00,transition,-0.4899999999997817,-5.199999999997817,long
2026-03-30 10:30:00,2026-03-30 10:31:00,range,-0.5,-5.3,short
2026-03-30 10:35:00,2026-03-30 10:38:00,range,3.5599999999994907,35.29999999999491,short
2026-03-30 10:41:00,2026-03-30 10:42:00,transition,0.5199999999995271,4.899999999995271,short
2026-03-30 10:51:00,2026-03-30 10:55:00,trend,-2.0100000000002183,-20.400000000002183,long
2026-03-30 10:58:00,2026-03-30 11:02:00,trend,-7.579999999999927,-76.09999999999927,long
2026-03-30 11:14:00,2026-03-30 11:15:00,range,2.0399999999999636,20.099999999999635,long
2026-03-30 11:19:00,2026-03-30 11:21:00,range,-2.519999999999527,-25.49999999999527,short
2026-03-30 11:22:00,2026-03-30 11:23:00,range,-4.039999999999964,-40.69999999999963,short
2026-03-30 11:24:00,2026-03-30 11:29:00,range,-3.030000000000655,-30.60000000000655,short
2026-03-30 11:48:00,2026-03-30 11:49:00,range,0.019999999999527063,-0.10000000000472942,long
2026-03-30 11:53:00,2026-03-30 11:58:00,range,-3.5299999999997453,-35.59999999999745,long
2026-03-30 12:01:00,2026-03-30 12:10:00,trend,-12.139999999999418,-121.69999999999418,short
2026-03-30 12:10:00,2026-03-30 12:26:00,trend,-0.4899999999997817,-5.199999999997817,long
2026-03-30 12:34:00,2026-03-30 12:37:00,range,-4.039999999999964,-40.69999999999963,long
2026-03-30 12:40:00,2026-03-30 12:55:00,trend,-2.5200000000004366,-25.500000000004366,short
2026-03-30 12:55:00,2026-03-30 12:58:00,trend,1.5399999999999636,15.099999999999635,long
2026-03-30 13:11:00,2026-03-30 13:43:00,trend,4.069999999999709,40.39999999999709,long
2026-03-30 14:16:00,2026-03-30 14:18:00,range,-0.4899999999997817,-5.199999999997817,short
2026-03-30 14:23:00,2026-03-30 14:41:00,trend,-6.569999999999709,-65.99999999999709,long
2026-03-30 14:41:00,2026-03-30 14:52:00,trend,-2.009999999999309,-20.39999999999309,short
2026-03-30 16:09:00,2026-03-30 16:12:00,range,-1.0,-10.3,short
2026-03-30 16:20:00,2026-03-30 16:36:00,trend,-7.079999999999927,-71.09999999999927,long
2026-03-30 16:36:00,2026-03-30 16:46:00,trend,-1.5100000000002183,-15.400000000002183,short
2026-03-30 16:58:00,2026-03-30 17:12:00,trend,0.020000000000436557,-0.09999999999563447,short
2026-03-30 17:12:00,2026-03-30 17:13:00,trend,-1.0,-10.3,long
2026-03-30 17:13:00,2026-03-30 17:26:00,trend,-4.039999999999964,-40.69999999999963,short
2026-03-30 17:59:00,2026-03-30 18:00:00,range,-1.5100000000002183,-15.400000000002183,short
2026-03-30 18:23:00,2026-03-30 18:29:00,trend,-1.5,-15.3,long
2026-03-31 09:00:00,2026-03-31 09:01:00,trend,-4.519999999999527,-45.49999999999527,long
2026-03-31 09:22:00,2026-03-31 09:27:00,trend,0.5099999999993088,4.799999999993088,long
2026-03-31 09:27:00,2026-03-31 09:34:00,trend,3.0299999999997453,29.999999999997453,short
2026-03-31 09:37:00,2026-03-31 09:41:00,trend,1.519999999999527,14.89999999999527,short
2026-03-31 09:57:00,2026-03-31 10:01:00,range,3.5299999999997453,34.999999999997456,short
2026-03-31 10:05:00,2026-03-31 10:06:00,range,0.009999999999308784,-0.2000000000069122,short
2026-03-31 10:16:00,2026-03-31 10:20:00,range,-3.0100000000002183,-30.400000000002183,long
2026-03-31 10:22:00,2026-03-31 10:29:00,trend,-9.05999999999949,-90.8999999999949,short
2026-03-31 10:42:00,2026-03-31 10:44:00,range,3.0299999999997453,29.999999999997453,long
2026-03-31 10:46:00,2026-03-31 10:49:00,range,-4.520000000000437,-45.50000000000436,long
2026-03-31 10:50:00,2026-03-31 10:57:00,range,-2.519999999999527,-25.49999999999527,long
2026-03-31 10:58:00,2026-03-31 10:59:00,transition,-0.5,-5.3,long
2026-03-31 11:05:00,2026-03-31 11:41:00,trend,-4.020000000000437,-40.50000000000436,short
2026-03-31 11:41:00,2026-03-31 12:08:00,trend,-3.5100000000002183,-35.40000000000218,long
2026-03-31 12:08:00,2026-03-31 12:15:00,trend,-1.0,-10.3,short
2026-03-31 12:19:00,2026-03-31 12:20:00,range,-0.5,-5.3,long
2026-03-31 12:34:00,2026-03-31 12:35:00,range,1.0100000000002183,9.800000000002182,short
2026-03-31 12:53:00,2026-03-31 12:54:00,range,1.5200000000004366,14.900000000004365,long
2026-03-31 12:57:00,2026-03-31 12:58:00,range,0.0,-0.30000000000000004,short
2026-03-31 13:04:00,2026-03-31 13:05:00,range,-0.5,-5.3,long
2026-03-31 13:08:00,2026-03-31 13:09:00,range,-1.5,-15.3,long
2026-03-31 13:38:00,2026-03-31 13:39:00,transition,-4.520000000000437,-45.50000000000436,long
2026-03-31 13:41:00,2026-03-31 13:45:00,trend,-5.530000000000655,-55.600000000006546,short
2026-03-31 14:00:00,2026-03-31 14:02:00,trend,-4.020000000000437,-40.50000000000436,long
2026-03-31 14:02:00,2026-03-31 14:13:00,trend,-1.5,-15.3,short
2026-03-31 14:16:00,2026-03-31 14:29:00,trend,-2.009999999999309,-20.39999999999309,short
2026-03-31 14:57:00,2026-03-31 14:58:00,range,-1.5100000000002183,-15.400000000002183,short
2026-03-31 14:59:00,2026-03-31 15:00:00,range,0.5100000000002183,4.800000000002183,short
2026-03-31 15:35:00,2026-03-31 15:36:00,range,-2.0100000000002183,-20.400000000002183,short
2026-03-31 16:37:00,2026-03-31 16:38:00,transition,-1.5100000000002183,-15.400000000002183,long
2026-03-31 16:40:00,2026-03-31 17:18:00,trend,2.5299999999997453,24.999999999997453,short
2026-03-31 17:18:00,2026-03-31 17:22:00,trend,0.009999999999308784,-0.2000000000069122,long
2026-03-31 17:28:00,2026-03-31 17:34:00,trend,-1.5100000000002183,-15.400000000002183,long
2026-03-31 17:53:00,2026-03-31 18:19:00,trend,0.0,-0.30000000000000004,short
2026-03-31 18:21:00,2026-03-31 18:22:00,trend,-1.5,-15.3,short
2026-03-31 18:22:00,2026-03-31 18:26:00,trend,0.5100000000002183,4.800000000002183,long
2026-03-31 18:26:00,2026-03-31 18:27:00,transition,-1.0,-10.3,short
2026-04-01 09:21:00,2026-04-01 09:24:00,trend,0.0,-0.30000000000000004,short
2026-04-01 09:24:00,2026-04-01 09:27:00,trend,-1.0,-10.3,long
2026-04-01 09:33:00,2026-04-01 09:34:00,range,-0.4899999999997817,-5.199999999997817,short
2026-04-01 09:45:00,2026-04-01 09:47:00,range,8.0600000000004,80.300000000004,long
2026-04-01 09:49:00,2026-04-01 09:58:00,range,0.5100000000002183,4.800000000002183,short
2026-04-01 10:00:00,2026-04-01 10:01:00,range,-3.0100000000002183,-30.400000000002183,short
2026-04-01 10:02:00,2026-04-01 10:03:00,range,0.010000000000218279,-0.19999999999781726,short
2026-04-01 10:11:00,2026-04-01 10:12:00,range,-4.029999999999745,-40.59999999999745,long
2026-04-01 10:13:00,2026-04-01 10:15:00,range,5.549999999999272,55.19999999999273,long
2026-04-01 10:22:00,2026-04-01 10:24:00,range,2.0200000000004366,19.900000000004365,short
2026-04-01 10:34:00,2026-04-01 10:35:00,range,-1.0,-10.3,long
2026-04-01 10:39:00,2026-04-01 10:41:00,range,2.019999999999527,19.89999999999527,long
2026-04-01 10:48:00,2026-04-01 10:49:00,range,1.5200000000004366,14.900000000004365,short
2026-04-01 11:11:00,2026-04-01 11:13:00,range,1.0100000000002183,9.800000000002182,short
2026-04-01 11:16:00,2026-04-01 11:17:00,range,-1.0,-10.3,long
2026-04-01 11:19:00,2026-04-01 11:22:00,range,-2.0,-20.3,long
2026-04-01 11:44:00,2026-04-01 12:15:00,trend,3.5299999999997453,34.999999999997456,short
2026-04-01 12:15:00,2026-04-01 12:18:00,trend,-4.019999999999527,-40.49999999999527,long
2026-04-01 12:59:00,2026-04-01 13:10:00,trend,-3.0100000000002183,-30.400000000002183,short
2026-04-01 13:10:00,2026-04-01 13:14:00,trend,1.519999999999527,14.89999999999527,long
2026-04-01 13:48:00,2026-04-01 14:10:00,trend,-1.0,-10.3,short
2026-04-01 14:10:00,2026-04-01 14:16:00,trend,-0.5,-5.3,long
2026-04-01 15:16:00,2026-04-01 15:28:00,trend,-1.5,-15.3,long
2026-04-01 15:42:00,2026-04-01 15:44:00,range,0.5100000000002183,4.800000000002183,long
2026-04-01 16:37:00,2026-04-01 16:53:00,trend,-5.030000000000655,-50.600000000006546,short
2026-04-01 16:53:00,2026-04-01 16:58:00,trend,-3.0100000000002183,-30.400000000002183,long
2026-04-01 17:13:00,2026-04-01 17:36:00,trend,-1.0,-10.3,short
2026-04-01 17:36:00,2026-04-01 17:39:00,trend,-1.5099999999993088,-15.399999999993089,long
2026-04-01 17:46:00,2026-04-01 17:47:00,transition,-1.0,-10.3,long
2026-04-01 18:14:00,2026-04-01 18:23:00,trend,-2.5100000000002183,-25.400000000002183,short
2026-04-01 18:23:00,2026-04-02 09:01:00,trend,32.73999999999978,327.0999999999978,long
2026-04-02 09:21:00,2026-04-02 09:23:00,trend,1.019999999999527,9.89999999999527,short
2026-04-02 09:23:00,2026-04-02 09:30:00,trend,-2.0100000000002183,-20.400000000002183,long
2026-04-02 09:30:00,2026-04-02 09:34:00,trend,2.019999999999527,19.89999999999527,short
2026-04-02 09:49:00,2026-04-02 09:54:00,range,0.5100000000002183,4.800000000002183,long
2026-04-02 10:03:00,2026-04-02 10:04:00,range,-2.0,-20.3,short
2026-04-02 10:05:00,2026-04-02 10:06:00,range,-1.0,-10.3,short
2026-04-02 10:09:00,2026-04-02 10:14:00,range,0.5100000000002183,4.800000000002183,short
2026-04-02 10:19:00,2026-04-02 10:20:00,range,-2.0100000000002183,-20.400000000002183,long
2026-04-02 10:21:00,2026-04-02 10:22:00,range,-2.0100000000002183,-20.400000000002183,long
2026-04-02 10:23:00,2026-04-02 10:24:00,range,-1.0,-10.3,long
2026-04-02 10:30:00,2026-04-02 11:06:00,trend,5.550000000000182,55.20000000000182,short
2026-04-02 11:06:00,2026-04-02 11:14:00,trend,2.0200000000004366,19.900000000004365,long
2026-04-02 11:37:00,2026-04-02 11:38:00,trend,-2.0100000000002183,-20.400000000002183,short
2026-04-02 11:46:00,2026-04-02 11:51:00,trend,-7.039999999999964,-70.69999999999963,short
2026-04-02 11:58:00,2026-04-02 11:59:00,range,-1.0,-10.3,short
2026-04-02 12:01:00,2026-04-02 12:02:00,range,-3.5200000000004366,-35.50000000000436,short
2026-04-02 12:52:00,2026-04-02 12:53:00,range,-2.5100000000002183,-25.400000000002183,short
2026-04-02 12:57:00,2026-04-02 12:58:00,transition,-2.5100000000002183,-25.400000000002183,short
2026-04-02 13:07:00,2026-04-02 13:16:00,trend,-3.519999999999527,-35.49999999999527,long
2026-04-02 14:01:00,2026-04-02 14:02:00,transition,-0.5,-5.3,short
2026-04-02 14:19:00,2026-04-02 14:34:00,trend,-3.0100000000002183,-30.400000000002183,short
2026-04-02 14:34:00,2026-04-02 14:38:00,trend,-0.4899999999997817,-5.199999999997817,long
2026-04-02 14:49:00,2026-04-02 15:05:00,trend,-4.529999999999745,-45.59999999999745,long
2026-04-02 15:05:00,2026-04-02 15:08:00,trend,-2.5100000000002183,-25.400000000002183,short
2026-04-02 15:24:00,2026-04-02 15:41:00,trend,-3.5200000000004366,-35.50000000000436,long
2026-04-02 15:41:00,2026-04-02 15:44:00,trend,-0.4900000000006912,-5.200000000006912,short
2026-04-02 15:48:00,2026-04-02 16:07:00,trend,-0.4899999999997817,-5.199999999997817,short
2026-04-02 16:07:00,2026-04-02 16:10:00,trend,-1.0,-10.3,long
2026-04-02 16:24:00,2026-04-02 16:25:00,transition,2.0200000000004366,19.900000000004365,long
2026-04-02 17:08:00,2026-04-02 17:21:00,trend,-2.5100000000002183,-25.400000000002183,short
2026-04-02 17:38:00,2026-04-02 17:48:00,trend,-1.5,-15.3,short
2026-04-02 17:48:00,2026-04-02 17:54:00,trend,-1.5,-15.3,long
2026-04-02 17:54:00,2026-04-02 18:05:00,trend,-2.0,-20.3,short
2026-04-02 18:21:00,2026-04-02 18:29:00,trend,-3.009999999999309,-30.39999999999309,long
2026-04-06 09:59:00,2026-04-06 10:00:00,range,2.530000000000655,25.000000000006548,long
2026-04-06 10:10:00,2026-04-06 10:11:00,range,-2.0100000000002183,-20.400000000002183,long
2026-04-06 10:20:00,2026-04-06 10:22:00,range,0.010000000000218279,-0.19999999999781726,short
2026-04-06 10:35:00,2026-04-06 10:46:00,trend,-5.029999999999745,-50.59999999999745,short
2026-04-06 11:05:00,2026-04-06 11:06:00,range,1.019999999999527,9.89999999999527,short
2026-04-06 11:08:00,2026-04-06 11:09:00,range,-0.5,-5.3,short
2026-04-06 11:24:00,2026-04-06 11:44:00,trend,1.5100000000002183,14.800000000002182,short
2026-04-06 11:44:00,2026-04-06 12:23:00,trend,8.05999999999949,80.29999999999491,long
2026-04-06 12:23:00,2026-04-06 12:25:00,trend,-1.0,-10.3,short
2026-04-06 14:03:00,2026-04-06 14:07:00,trend,-6.039999999999964,-60.69999999999963,long
2026-04-06 14:29:00,2026-04-06 14:30:00,range,0.0,-0.30000000000000004,long
2026-04-06 15:16:00,2026-04-06 15:41:00,trend,-0.5,-5.3,short
2026-04-06 15:41:00,2026-04-06 15:45:00,trend,-1.5,-15.3,long
2026-04-06 18:17:00,2026-04-07 09:02:00,trend,3.0299999999997453,29.999999999997453,short
2026-04-07 09:48:00,2026-04-07 09:50:00,range,-2.519999999999527,-25.49999999999527,short
2026-04-07 09:52:00,2026-04-07 09:54:00,trend,-3.0100000000002183,-30.400000000002183,long
2026-04-07 10:39:00,2026-04-07 10:43:00,range,-2.0100000000002183,-20.400000000002183,short
2026-04-07 10:46:00,2026-04-07 11:17:00,trend,4.039999999999964,40.09999999999964,long
2026-04-07 11:17:00,2026-04-07 11:59:00,trend,6.050000000000182,60.20000000000182,short
2026-04-07 11:59:00,2026-04-07 12:02:00,trend,0.5100000000002183,4.800000000002183,long
2026-04-07 12:10:00,2026-04-07 12:11:00,transition,-5.029999999999745,-50.59999999999745,long
2026-04-07 13:05:00,2026-04-07 13:10:00,trend,-8.050000000000182,-80.80000000000182,short
2026-04-07 14:21:00,2026-04-07 14:22:00,range,-0.4899999999997817,-5.199999999997817,short
2026-04-07 14:35:00,2026-04-07 14:37:00,range,-2.0100000000002183,-20.400000000002183,long
2026-04-07 14:40:00,2026-04-07 14:44:00,trend,-3.0100000000002183,-30.400000000002183,short
2026-04-07 14:55:00,2026-04-07 15:10:00,trend,0.0,-0.30000000000000004,short
2026-04-07 15:48:00,2026-04-07 16:16:00,trend,1.019999999999527,9.89999999999527,long
2026-04-07 16:16:00,2026-04-07 16:39:00,trend,2.019999999999527,19.89999999999527,short
2026-04-07 16:39:00,2026-04-07 16:41:00,trend,-2.0100000000002183,-20.400000000002183,long
2026-04-07 16:47:00,2026-04-07 17:29:00,trend,0.0,-0.30000000000000004,short
2026-04-07 17:29:00,2026-04-07 17:45:00,trend,1.0099999999993088,9.799999999993087,long
2026-04-08 09:24:00,2026-04-08 09:35:00,trend,-12.079999999999927,-121.09999999999927,long
2026-04-08 09:35:00,2026-04-08 10:17:00,trend,12.600000000000364,125.70000000000364,short
2026-04-08 10:17:00,2026-04-08 10:21:00,trend,-3.009999999999309,-30.39999999999309,long
2026-04-08 10:25:00,2026-04-08 10:26:00,trend,1.519999999999527,14.89999999999527,long
2026-04-08 10:26:00,2026-04-08 10:29:00,trend,-7.539999999999964,-75.69999999999963,short
2026-04-08 10:40:00,2026-04-08 11:14:00,trend,7.0600000000004,70.300000000004,long
2026-04-08 11:14:00,2026-04-08 11:16:00,trend,-1.0,-10.3,short
2026-04-08 11:16:00,2026-04-08 12:05:00,trend,10.079999999999927,100.49999999999928,long
2026-04-08 12:05:00,2026-04-08 12:06:00,transition,-1.5,-15.3,short
2026-04-08 12:20:00,2026-04-08 12:21:00,range,0.009999999999308784,-0.2000000000069122,long
2026-04-08 12:40:00,2026-04-08 12:41:00,range,-1.0,-10.3,long
2026-04-08 12:55:00,2026-04-08 13:03:00,trend,-1.0,-10.3,short
2026-04-08 13:18:00,2026-04-08 13:37:00,trend,-4.029999999999745,-40.59999999999745,long
2026-04-08 13:37:00,2026-04-08 13:41:00,trend,-0.5,-5.3,short
2026-04-08 13:48:00,2026-04-08 14:14:00,trend,-0.5,-5.3,short
2026-04-08 14:14:00,2026-04-08 14:41:00,trend,5.549999999999272,55.19999999999273,long
2026-04-08 14:41:00,2026-04-08 14:42:00,transition,-0.4900000000006912,-5.200000000006912,short
2026-04-08 15:19:00,2026-04-08 15:21:00,range,-0.5,-5.3,short
2026-04-08 15:24:00,2026-04-08 16:12:00,trend,3.0299999999997453,29.999999999997453,long
2026-04-08 16:12:00,2026-04-08 16:24:00,trend,-1.5,-15.3,short
2026-04-08 16:32:00,2026-04-08 16:34:00,trend,-0.5,-5.3,long
2026-04-08 16:34:00,2026-04-08 17:20:00,trend,5.039999999999964,50.09999999999964,short
2026-04-08 17:20:00,2026-04-08 17:21:00,transition,-2.0100000000002183,-20.400000000002183,long
2026-04-08 17:31:00,2026-04-08 17:48:00,trend,-0.5,-5.3,short
2026-04-08 17:48:00,2026-04-08 17:49:00,transition,-2.009999999999309,-20.39999999999309,long
2026-04-08 18:12:00,2026-04-08 18:13:00,trend,-1.0,-10.3,long
2026-04-08 18:13:00,2026-04-08 18:19:00,trend,2.0299999999997453,19.999999999997453,short
2026-04-09 09:23:00,2026-04-09 09:32:00,trend,-1.5099999999993088,-15.399999999993089,long
2026-04-09 09:58:00,2026-04-09 09:59:00,range,-3.5200000000004366,-35.50000000000436,long
2026-04-09 10:00:00,2026-04-09 10:02:00,range,-1.0,-10.3,long
2026-04-09 10:05:00,2026-04-09 10:58:00,trend,12.090000000000146,120.60000000000146,short
2026-04-09 10:58:00,2026-04-09 11:07:00,trend,-6.039999999999964,-60.69999999999963,long
2026-04-09 11:07:00,2026-04-09 11:18:00,trend,-6.539999999999964,-65.69999999999963,short
2026-04-09 11:23:00,2026-04-09 11:25:00,trend,0.5099999999993088,4.799999999993088,long
2026-04-09 11:32:00,2026-04-09 11:46:00,trend,-2.5100000000002183,-25.400000000002183,long
2026-04-09 11:46:00,2026-04-09 11:47:00,transition,-0.4899999999997817,-5.199999999997817,short
2026-04-09 12:20:00,2026-04-09 12:30:00,trend,-2.509999999999309,-25.39999999999309,short
2026-04-09 12:36:00,2026-04-09 12:43:00,trend,-4.019999999999527,-40.49999999999527,short
2026-04-09 13:10:00,2026-04-09 13:13:00,range,-1.0,-10.3,short
2026-04-09 14:17:00,2026-04-09 14:55:00,trend,1.519999999999527,14.89999999999527,short
2026-04-09 14:55:00,2026-04-09 14:59:00,trend,-1.0,-10.3,long
2026-04-09 15:05:00,2026-04-09 15:43:00,trend,3.030000000000655,30.000000000006548,long
2026-04-09 15:43:00,2026-04-09 15:50:00,trend,-0.4899999999997817,-5.199999999997817,short
2026-04-09 16:13:00,2026-04-09 16:21:00,trend,-1.5,-15.3,short
2026-04-09 17:27:00,2026-04-09 17:28:00,transition,-1.0,-10.3,long
2026-04-09 17:31:00,2026-04-09 17:46:00,trend,0.0,-0.30000000000000004,short
2026-04-09 17:46:00,2026-04-09 17:50:00,trend,-1.0,-10.3,long
2026-04-09 17:50:00,2026-04-09 18:19:00,trend,-0.4900000000006912,-5.200000000006912,short
2026-04-09 18:19:00,2026-04-09 18:27:00,trend,1.019999999999527,9.89999999999527,long
2026-04-10 09:31:00,2026-04-10 09:32:00,transition,-2.519999999999527,-25.49999999999527,long
2026-04-10 09:34:00,2026-04-10 10:16:00,trend,12.099999999999454,120.69999999999455,short
2026-04-10 10:16:00,2026-04-10 10:22:00,trend,-5.030000000000655,-50.600000000006546,long
2026-04-10 10:22:00,2026-04-10 10:32:00,trend,0.5099999999993088,4.799999999993088,short
2026-04-10 10:37:00,2026-04-10 10:53:00,trend,-4.020000000000437,-40.50000000000436,short
2026-04-10 10:53:00,2026-04-10 10:57:00,trend,0.5100000000002183,4.800000000002183,long
2026-04-10 11:14:00,2026-04-10 11:32:00,trend,-2.5100000000002183,-25.400000000002183,short
2026-04-10 11:32:00,2026-04-10 11:35:00,trend,1.5200000000004366,14.900000000004365,long
2026-04-10 11:47:00,2026-04-10 11:59:00,trend,-1.0,-10.3,long
2026-04-10 12:08:00,2026-04-10 12:10:00,trend,-5.539999999999964,-55.69999999999963,long
2026-04-10 12:22:00,2026-04-10 12:30:00,trend,-3.519999999999527,-35.49999999999527,short
2026-04-10 12:37:00,2026-04-10 12:49:00,trend,-0.5,-5.3,long
2026-04-10 12:52:00,2026-04-10 13:14:00,trend,-2.0100000000002183,-20.400000000002183,long
2026-04-10 13:14:00,2026-04-10 13:15:00,transition,0.010000000000218279,-0.19999999999781726,short
2026-04-10 13:30:00,2026-04-10 13:31:00,range,-1.0,-10.3,short
2026-04-10 13:54:00,2026-04-10 14:06:00,trend,-8.050000000000182,-80.80000000000182,short
2026-04-10 14:06:00,2026-04-10 14:07:00,transition,-1.5,-15.3,long
2026-04-10 14:51:00,2026-04-10 14:52:00,transition,-1.0,-10.3,short
2026-04-10 15:23:00,2026-04-10 15:49:00,trend,3.019999999999527,29.89999999999527,short
2026-04-10 15:49:00,2026-04-10 15:54:00,trend,-3.5200000000004366,-35.50000000000436,long
2026-04-10 15:54:00,2026-04-10 16:30:00,trend,1.019999999999527,9.89999999999527,short
2026-04-10 16:30:00,2026-04-10 16:32:00,trend,-2.0,-20.3,long
2026-04-10 17:19:00,2026-04-10 17:22:00,trend,-3.0200000000004366,-30.500000000004366,long
2026-04-10 17:38:00,2026-04-10 18:19:00,trend,4.539999999999964,45.09999999999964,short
2026-04-10 18:19:00,2026-04-13 09:01:00,trend,30.229999999999563,301.9999999999956,long
2026-04-13 09:21:00,2026-04-13 09:23:00,trend,1.0200000000004366,9.900000000004365,short
2026-04-13 09:35:00,2026-04-13 09:43:00,trend,-2.5100000000002183,-25.400000000002183,long
2026-04-13 09:49:00,2026-04-13 09:50:00,range,-4.019999999999527,-40.49999999999527,long
2026-04-13 09:51:00,2026-04-13 09:52:00,range,0.5199999999995271,4.899999999995271,long
2026-04-13 09:59:00,2026-04-13 10:04:00,range,-6.039999999999964,-60.69999999999963,long
2026-04-13 10:05:00,2026-04-13 10:06:00,range,3.030000000000655,30.000000000006548,long
2026-04-13 10:23:00,2026-04-13 10:24:00,range,-1.0,-10.3,short
2026-04-13 10:46:00,2026-04-13 10:48:00,range,4.030000000000655,40.00000000000655,short
2026-04-13 10:50:00,2026-04-13 10:51:00,transition,4.029999999999745,39.999999999997456,long
2026-04-13 11:01:00,2026-04-13 11:02:00,range,-1.5100000000002183,-15.400000000002183,long
2026-04-13 11:54:00,2026-04-13 11:55:00,range,0.0,-0.30000000000000004,long
2026-04-13 11:59:00,2026-04-13 12:00:00,range,1.0200000000004366,9.900000000004365,long
2026-04-13 12:02:00,2026-04-13 12:03:00,range,-1.5100000000002183,-15.400000000002183,long
2026-04-13 12:43:00,2026-04-13 12:51:00,trend,-0.4900000000006912,-5.200000000006912,short
2026-04-13 13:10:00,2026-04-13 13:51:00,trend,25.1899999999996,251.599999999996,short
2026-04-13 14:00:00,2026-04-13 14:32:00,trend,4.039999999999964,40.09999999999964,short
2026-04-13 14:32:00,2026-04-13 14:37:00,trend,0.5100000000002183,4.800000000002183,long
2026-04-13 15:25:00,2026-04-13 15:26:00,transition,-2.0,-20.3,short
2026-04-13 15:28:00,2026-04-13 15:39:00,trend,-2.509999999999309,-25.39999999999309,long
2026-04-13 15:42:00,2026-04-13 15:44:00,trend,-1.0,-10.3,short
2026-04-13 15:44:00,2026-04-13 15:48:00,trend,-3.009999999999309,-30.39999999999309,long
2026-04-13 16:58:00,2026-04-13 17:01:00,trend,-1.5,-15.3,short
2026-04-13 17:16:00,2026-04-13 17:32:00,trend,-4.519999999999527,-45.49999999999527,long
2026-04-13 17:32:00,2026-04-13 17:58:00,trend,0.5100000000002183,4.800000000002183,short
2026-04-13 17:58:00,2026-04-13 18:00:00,trend,-1.5100000000002183,-15.400000000002183,long
2026-04-13 18:00:00,2026-04-13 18:17:00,trend,-2.0100000000002183,-20.400000000002183,short
2026-04-13 18:17:00,2026-04-13 18:25:00,trend,0.5100000000002183,4.800000000002183,long
2026-04-14 09:21:00,2026-04-14 09:22:00,transition,-3.0200000000004366,-30.500000000004366,long
2026-04-14 09:50:00,2026-04-14 09:52:00,range,1.0100000000002183,9.800000000002182,long
2026-04-14 10:23:00,2026-04-14 10:24:00,range,-0.4899999999997817,-5.199999999997817,short
2026-04-14 10:28:00,2026-04-14 10:29:00,range,0.010000000000218279,-0.19999999999781726,short
2026-04-14 10:37:00,2026-04-14 10:40:00,range,-1.0,-10.3,long
2026-04-14 11:29:00,2026-04-14 11:35:00,trend,-4.529999999999745,-45.59999999999745,long
2026-04-14 11:59:00,2026-04-14 12:01:00,trend,-2.5100000000002183,-25.400000000002183,short
2026-04-14 12:42:00,2026-04-14 13:12:00,trend,4.539999999999964,45.09999999999964,long
2026-04-14 14:26:00,2026-04-14 14:34:00,trend,-4.019999999999527,-40.49999999999527,short
2026-04-14 14:41:00,2026-04-14 14:43:00,trend,0.010000000000218279,-0.19999999999781726,long
2026-04-14 14:43:00,2026-04-14 14:51:00,trend,-4.019999999999527,-40.49999999999527,short
2026-04-14 14:52:00,2026-04-14 15:04:00,trend,-1.0,-10.3,long
2026-04-14 15:24:00,2026-04-14 15:42:00,trend,-2.5100000000002183,-25.400000000002183,long
2026-04-14 15:42:00,2026-04-14 15:49:00,trend,-1.0,-10.3,short
2026-04-14 15:49:00,2026-04-14 15:56:00,trend,-2.0,-20.3,long
2026-04-14 15:56:00,2026-04-14 15:57:00,transition,0.009999999999308784,-0.2000000000069122,short
2026-04-14 17:30:00,2026-04-14 17:33:00,trend,-1.5,-15.3,long
2026-04-14 17:40:00,2026-04-14 17:51:00,trend,-0.4899999999997817,-5.199999999997817,short
2026-04-15 09:01:00,2026-04-15 09:02:00,range,2.0299999999997453,19.999999999997453,short
2026-04-15 09:21:00,2026-04-15 09:34:00,trend,-6.539999999999964,-65.69999999999963,long
2026-04-15 09:34:00,2026-04-15 10:01:00,trend,0.009999999999308784,-0.2000000000069122,short
2026-04-15 10:01:00,2026-04-15 10:03:00,trend,-3.0100000000002183,-30.400000000002183,long
2026-04-15 10:09:00,2026-04-15 10:37:00,trend,-4.529999999999745,-45.59999999999745,short
2026-04-15 10:44:00,2026-04-15 10:45:00,transition,1.0099999999993088,9.799999999993087,short
2026-04-15 10:54:00,2026-04-15 11:02:00,trend,-5.029999999999745,-50.59999999999745,long
2026-04-15 11:02:00,2026-04-15 11:04:00,trend,-2.0,-20.3,short
2026-04-15 11:24:00,2026-04-15 11:26:00,trend,-3.5100000000002183,-35.40000000000218,long
2026-04-15 11:44:00,2026-04-15 11:51:00,trend,-3.519999999999527,-35.49999999999527,long
2026-04-15 12:31:00,2026-04-15 12:32:00,transition,-2.0,-20.3,short
2026-04-15 12:34:00,2026-04-15 12:47:00,trend,-2.0,-20.3,long
2026-04-15 12:47:00,2026-04-15 12:49:00,trend,-1.0,-10.3,short
2026-04-15 13:48:00,2026-04-15 13:52:00,trend,-0.5,-5.3,long
2026-04-15 13:54:00,2026-04-15 13:58:00,trend,-3.5200000000004366,-35.50000000000436,long
2026-04-15 17:16:00,2026-04-15 17:29:00,trend,-1.5,-15.3,long
2026-04-15 17:29:00,2026-04-15 17:30:00,trend,0.5199999999995271,4.899999999995271,short
2026-04-15 17:30:00,2026-04-15 17:31:00,transition,-2.0,-20.3,long
2026-04-15 17:34:00,2026-04-15 17:47:00,trend,-2.5100000000002183,-25.400000000002183,short
2026-04-15 17:47:00,2026-04-15 17:49:00,trend,-1.0,-10.3,long
2026-04-15 18:23:00,2026-04-15 18:29:00,trend,-2.0100000000002183,-20.400000000002183,short
2026-04-16 09:37:00,2026-04-16 09:56:00,trend,-3.0100000000002183,-30.400000000002183,short
2026-04-16 09:56:00,2026-04-16 10:10:00,trend,-3.0100000000002183,-30.400000000002183,long
2026-04-16 10:32:00,2026-04-16 10:34:00,range,2.019999999999527,19.89999999999527,short
2026-04-16 10:54:00,2026-04-16 10:57:00,range,-1.5,-15.3,short
2026-04-16 10:58:00,2026-04-16 10:59:00,transition,0.5100000000002183,4.800000000002183,short
2026-04-16 11:18:00,2026-04-16 11:43:00,trend,4.539999999999964,45.09999999999964,long
2026-04-16 11:43:00,2026-04-16 11:55:00,trend,-7.039999999999964,-70.69999999999963,short
2026-04-16 11:55:00,2026-04-16 12:11:00,trend,-3.519999999999527,-35.49999999999527,long
2026-04-16 12:11:00,2026-04-16 12:12:00,transition,-0.5,-5.3,short
2026-04-16 12:39:00,2026-04-16 12:40:00,range,-1.0,-10.3,long
2026-04-16 12:58:00,2026-04-16 13:25:00,trend,1.0099999999993088,9.799999999993087,short
2026-04-16 13:25:00,2026-04-16 14:19:00,trend,7.559999999999491,75.29999999999491,long
2026-04-16 14:31:00,2026-04-16 15:50:00,trend,10.090000000000146,100.60000000000146,short
2026-04-16 15:54:00,2026-04-16 15:56:00,trend,-1.5100000000002183,-15.400000000002183,long
2026-04-16 15:56:00,2026-04-16 16:01:00,trend,-3.0200000000004366,-30.500000000004366,short
2026-04-16 16:10:00,2026-04-16 16:15:00,trend,-1.0,-10.3,long
2026-04-16 16:15:00,2026-04-16 16:32:00,trend,0.010000000000218279,-0.19999999999781726,short
2026-04-16 16:38:00,2026-04-16 16:40:00,trend,-1.5,-15.3,long
2026-04-16 16:40:00,2026-04-16 16:48:00,trend,-3.0100000000002183,-30.400000000002183,short
2026-04-16 16:55:00,2026-04-16 16:57:00,trend,-1.5,-15.3,long
2026-04-16 17:06:00,2026-04-16 17:34:00,trend,-0.4899999999997817,-5.199999999997817,long
2026-04-16 17:34:00,2026-04-16 17:56:00,trend,0.5100000000002183,4.800000000002183,short
2026-04-16 17:56:00,2026-04-16 17:57:00,trend,-0.5,-5.3,long
2026-04-16 17:57:00,2026-04-16 17:58:00,transition,-1.0,-10.3,short
2026-04-16 17:59:00,2026-04-16 18:00:00,transition,-0.5,-5.3,short
2026-04-16 18:08:00,2026-04-17 09:00:00,trend,8.570000000000618,85.40000000000619,short
2026-04-17 09:00:00,2026-04-17 09:01:00,trend,-2.009999999999309,-20.39999999999309,long
2026-04-17 09:22:00,2026-04-17 10:17:00,trend,15.11999999999989,150.8999999999989,short
2026-04-17 10:17:00,2026-04-17 10:54:00,trend,4.539999999999964,45.09999999999964,long
2026-04-17 10:54:00,2026-04-17 10:58:00,trend,-2.009999999999309,-20.39999999999309,short
2026-04-17 11:32:00,2026-04-17 11:33:00,range,1.5100000000002183,14.800000000002182,short
2026-04-17 11:36:00,2026-04-17 11:37:00,transition,-2.0,-20.3,short
2026-04-17 11:41:00,2026-04-17 12:30:00,trend,17.640000000000327,176.10000000000326,long
2026-04-17 12:30:00,2026-04-17 12:32:00,trend,1.0100000000002183,9.800000000002182,short
2026-04-17 12:32:00,2026-04-17 12:33:00,transition,-3.519999999999527,-35.49999999999527,long
2026-04-17 14:04:00,2026-04-17 14:24:00,trend,3.5399999999999636,35.09999999999964,long
2026-04-17 14:24:00,2026-04-17 14:25:00,trend,0.009999999999308784,-0.2000000000069122,short
2026-04-17 14:25:00,2026-04-17 14:36:00,trend,-1.5100000000002183,-15.400000000002183,long
2026-04-17 14:36:00,2026-04-17 14:40:00,trend,-1.5100000000002183,-15.400000000002183,short
2026-04-17 14:40:00,2026-04-17 14:51:00,trend,-2.5100000000002183,-25.400000000002183,long
2026-04-17 14:51:00,2026-04-17 14:55:00,trend,0.010000000000218279,-0.19999999999781726,short
2026-04-17 15:59:00,2026-04-17 16:01:00,trend,-4.019999999999527,-40.49999999999527,long
2026-04-17 16:01:00,2026-04-17 16:30:00,trend,-1.0,-10.3,short
2026-04-17 16:30:00,2026-04-17 16:32:00,trend,-2.5100000000002183,-25.400000000002183,long
2026-04-17 17:09:00,2026-04-17 17:12:00,trend,-2.509999999999309,-25.39999999999309,long
2026-04-17 17:17:00,2026-04-17 17:41:00,trend,1.0100000000002183,9.800000000002182,short
2026-04-17 17:41:00,2026-04-17 17:49:00,trend,0.010000000000218279,-0.19999999999781726,long
2026-04-17 17:59:00,2026-04-17 18:00:00,trend,-1.5099999999993088,-15.399999999993089,long
2026-04-17 18:00:00,2026-04-17 18:03:00,trend,-1.5099999999993088,-15.399999999993089,short
2026-04-17 18:12:00,2026-04-20 09:00:00,trend,-1.5100000000002183,-15.400000000002183,long
2026-04-20 09:00:00,2026-04-20 09:01:00,trend,-2.5100000000002183,-25.400000000002183,short
2026-04-20 10:01:00,2026-04-20 10:02:00,range,-1.0,-10.3,short
2026-04-20 10:24:00,2026-04-20 10:46:00,trend,2.5200000000004366,24.900000000004365,short
2026-04-20 11:01:00,2026-04-20 11:22:00,trend,0.5100000000002183,4.800000000002183,long
2026-04-20 11:22:00,2026-04-20 11:27:00,trend,0.0,-0.30000000000000004,short
2026-04-20 12:27:00,2026-04-20 12:51:00,trend,-2.0,-20.3,short
2026-04-20 12:51:00,2026-04-20 12:56:00,trend,-1.0,-10.3,long
2026-04-20 14:12:00,2026-04-20 14:24:00,trend,-3.5100000000002183,-35.40000000000218,short
2026-04-20 14:24:00,2026-04-20 14:38:00,trend,-0.4899999999997817,-5.199999999997817,long
2026-04-20 15:01:00,2026-04-20 15:10:00,trend,4.029999999999745,39.999999999997456,short
2026-04-20 15:14:00,2026-04-20 15:37:00,trend,-0.5,-5.3,short
2026-04-20 15:53:00,2026-04-20 16:10:00,trend,-1.5099999999993088,-15.399999999993089,long
2026-04-20 16:10:00,2026-04-20 16:29:00,trend,-1.0,-10.3,short
2026-04-20 16:52:00,2026-04-20 17:00:00,trend,-1.5,-15.3,long
2026-04-20 17:35:00,2026-04-20 18:25:00,trend,16.63000000000011,166.00000000000108,short
2026-04-22 09:21:00,2026-04-22 09:28:00,trend,-5.539999999999964,-55.69999999999963,long
2026-04-22 09:28:00,2026-04-22 09:38:00,trend,-4.529999999999745,-45.59999999999745,short
2026-04-22 09:38:00,2026-04-22 09:39:00,transition,-1.0,-10.3,long
2026-04-22 09:48:00,2026-04-22 09:49:00,range,-1.5099999999993088,-15.399999999993089,long
2026-04-22 10:00:00,2026-04-22 10:01:00,range,-0.4899999999997817,-5.199999999997817,long
2026-04-22 10:08:00,2026-04-22 10:37:00,trend,9.069999999999709,90.39999999999709,short
2026-04-22 10:37:00,2026-04-22 10:45:00,trend,-2.0100000000002183,-20.400000000002183,long
2026-04-22 10:48:00,2026-04-22 10:49:00,trend,0.009999999999308784,-0.2000000000069122,long
2026-04-22 10:49:00,2026-04-22 10:54:00,trend,-3.0100000000002183,-30.400000000002183,short
2026-04-22 11:01:00,2026-04-22 11:15:00,trend,-3.5200000000004366,-35.50000000000436,short
2026-04-22 11:15:00,2026-04-22 11:21:00,trend,1.019999999999527,9.89999999999527,long
2026-04-22 11:36:00,2026-04-22 11:38:00,range,-1.5100000000002183,-15.400000000002183,short
2026-04-22 11:43:00,2026-04-22 12:00:00,trend,-2.0100000000002183,-20.400000000002183,long
2026-04-22 12:00:00,2026-04-22 12:08:00,trend,2.519999999999527,24.89999999999527,short
2026-04-22 12:46:00,2026-04-22 12:49:00,trend,-4.020000000000437,-40.50000000000436,long
2026-04-22 13:05:00,2026-04-22 13:11:00,trend,-3.0100000000002183,-30.400000000002183,short
2026-04-22 13:25:00,2026-04-22 14:09:00,trend,1.519999999999527,14.89999999999527,long
2026-04-22 14:16:00,2026-04-22 14:46:00,trend,1.0100000000002183,9.800000000002182,short
2026-04-22 14:46:00,2026-04-22 15:05:00,trend,-2.009999999999309,-20.39999999999309,long
2026-04-22 15:05:00,2026-04-22 15:07:00,trend,0.010000000000218279,-0.19999999999781726,short
2026-04-22 15:31:00,2026-04-22 15:49:00,trend,-0.5,-5.3,long
2026-04-22 15:49:00,2026-04-22 16:00:00,trend,-3.0200000000004366,-30.500000000004366,short
2026-04-22 16:03:00,2026-04-22 16:05:00,trend,-2.0,-20.3,long
2026-04-22 16:31:00,2026-04-22 16:56:00,trend,-1.0,-10.3,long
2026-04-22 16:56:00,2026-04-22 16:58:00,trend,-1.0,-10.3,short
2026-04-22 16:58:00,2026-04-22 17:00:00,trend,0.010000000000218279,-0.19999999999781726,long
2026-04-22 17:00:00,2026-04-22 17:01:00,trend,-1.0,-10.3,short
2026-04-22 17:01:00,2026-04-22 17:17:00,trend,0.0,-0.30000000000000004,long
2026-04-22 17:26:00,2026-04-22 17:28:00,trend,-2.5100000000002183,-25.400000000002183,long
2026-04-22 17:35:00,2026-04-22 18:03:00,trend,-1.5099999999993088,-15.399999999993089,short
2026-04-22 18:03:00,2026-04-22 18:23:00,trend,0.5100000000002183,4.800000000002183,long
2026-04-22 18:23:00,2026-04-23 09:00:00,trend,6.050000000000182,60.20000000000182,short
2026-04-23 09:01:00,2026-04-23 09:03:00,trend,-1.5100000000002183,-15.400000000002183,short
2026-04-23 09:22:00,2026-04-23 09:23:00,trend,-0.4899999999997817,-5.199999999997817,short
2026-04-23 09:23:00,2026-04-23 09:32:00,trend,-12.079999999999927,-121.09999999999927,long
2026-04-23 09:32:00,2026-04-23 09:53:00,trend,8.570000000000618,85.40000000000619,short
2026-04-23 09:53:00,2026-04-23 09:55:00,trend,-0.4899999999997817,-5.199999999997817,long
2026-04-23 10:07:00,2026-04-23 10:08:00,transition,-3.0200000000004366,-30.500000000004366,short
2026-04-23 10:12:00,2026-04-23 10:20:00,trend,-1.5,-15.3,long
2026-04-23 10:58:00,2026-04-23 10:59:00,range,1.019999999999527,9.89999999999527,long
2026-04-23 11:19:00,2026-04-23 11:20:00,range,-2.0,-20.3,long
2026-04-23 11:25:00,2026-04-23 11:26:00,range,-2.009999999999309,-20.39999999999309,long
2026-04-23 11:34:00,2026-04-23 11:36:00,range,-1.5100000000002183,-15.400000000002183,short
2026-04-23 11:37:00,2026-04-23 11:47:00,trend,-6.539999999999964,-65.69999999999963,long
2026-04-23 12:05:00,2026-04-23 12:06:00,transition,-2.0,-20.3,long
2026-04-23 12:08:00,2026-04-23 12:34:00,trend,0.5099999999993088,4.799999999993088,short
2026-04-23 12:41:00,2026-04-23 12:43:00,trend,-1.5,-15.3,long
2026-04-23 12:46:00,2026-04-23 13:18:00,trend,1.519999999999527,14.89999999999527,long
2026-04-23 13:18:00,2026-04-23 13:27:00,trend,-1.0,-10.3,short
2026-04-23 13:33:00,2026-04-23 13:40:00,trend,-0.4899999999997817,-5.199999999997817,long
2026-04-23 14:06:00,2026-04-23 14:09:00,trend,11.589999999999236,115.59999999999236,long
2026-04-23 14:26:00,2026-04-23 14:27:00,trend,-1.5,-15.3,long
2026-04-23 14:28:00,2026-04-23 14:34:00,trend,-3.5200000000004366,-35.50000000000436,short
2026-04-23 14:36:00,2026-04-23 14:37:00,trend,-3.0200000000004366,-30.500000000004366,short
2026-04-23 14:37:00,2026-04-23 14:59:00,trend,-3.0200000000004366,-30.500000000004366,long
2026-04-23 14:59:00,2026-04-23 15:35:00,trend,2.019999999999527,19.89999999999527,short
2026-04-23 15:41:00,2026-04-23 16:47:00,trend,27.710000000000036,276.80000000000035,long
2026-04-23 16:47:00,2026-04-23 17:02:00,trend,5.550000000000182,55.20000000000182,short
2026-04-23 17:04:00,2026-04-23 17:09:00,trend,-3.0200000000004366,-30.500000000004366,short
2026-04-23 17:22:00,2026-04-23 17:29:00,trend,-14.090000000000146,-141.20000000000147,short
2026-04-23 17:29:00,2026-04-24 09:01:00,trend,-4.520000000000437,-45.50000000000436,long
2026-04-24 09:13:00,2026-04-24 09:22:00,trend,-7.050000000000182,-70.80000000000182,short
2026-04-24 09:22:00,2026-04-24 09:32:00,trend,-0.5,-5.3,long
2026-04-24 09:36:00,2026-04-24 09:38:00,range,-2.0100000000002183,-20.400000000002183,short
2026-04-24 09:43:00,2026-04-24 09:56:00,trend,-5.529999999999745,-55.59999999999745,long
2026-04-24 10:04:00,2026-04-24 10:06:00,trend,-1.5100000000002183,-15.400000000002183,short
2026-04-24 10:22:00,2026-04-24 10:23:00,range,-1.5,-15.3,short
2026-04-24 10:31:00,2026-04-24 10:32:00,transition,-2.009999999999309,-20.39999999999309,short
2026-04-24 10:34:00,2026-04-24 10:42:00,trend,-11.070000000000618,-111.00000000000618,long
2026-04-24 11:21:00,2026-04-24 11:22:00,range,-1.0,-10.3,long
2026-04-24 11:28:00,2026-04-24 11:29:00,range,-3.5100000000002183,-35.40000000000218,short
2026-04-24 11:30:00,2026-04-24 11:32:00,range,2.019999999999527,19.89999999999527,short
2026-04-24 12:03:00,2026-04-24 12:05:00,range,-4.020000000000437,-40.50000000000436,long
2026-04-24 12:08:00,2026-04-24 12:23:00,trend,-0.5,-5.3,short
2026-04-24 12:45:00,2026-04-24 13:12:00,trend,-6.539999999999964,-65.69999999999963,short
2026-04-24 13:12:00,2026-04-24 13:32:00,trend,-1.0,-10.3,long
2026-04-24 13:32:00,2026-04-24 13:40:00,trend,-5.029999999999745,-50.59999999999745,short
2026-04-24 13:40:00,2026-04-24 13:53:00,trend,0.010000000000218279,-0.19999999999781726,long
2026-04-24 14:56:00,2026-04-24 15:00:00,trend,-2.509999999999309,-25.39999999999309,short
2026-04-24 15:00:00,2026-04-24 15:01:00,transition,-1.5,-15.3,long
2026-04-24 15:41:00,2026-04-24 15:59:00,trend,-1.5,-15.3,short
2026-04-24 15:59:00,2026-04-24 16:01:00,trend,-4.020000000000437,-40.50000000000436,long
2026-04-24 16:01:00,2026-04-24 16:21:00,trend,-1.0,-10.3,short
2026-04-24 16:21:00,2026-04-24 16:24:00,trend,-1.0,-10.3,long
2026-04-24 16:55:00,2026-04-24 16:59:00,trend,-2.5100000000002183,-25.400000000002183,long
2026-04-24 17:09:00,2026-04-24 17:10:00,transition,-2.0100000000002183,-20.400000000002183,long
2026-04-24 17:12:00,2026-04-24 17:27:00,trend,-1.0,-10.3,short
2026-04-24 17:27:00,2026-04-24 17:32:00,trend,-5.029999999999745,-50.59999999999745,long
2026-04-24 17:32:00,2026-04-24 18:00:00,trend,6.050000000000182,60.20000000000182,short
2026-04-24 18:00:00,2026-04-24 18:06:00,trend,-1.0,-10.3,long
2026-04-24 18:06:00,2026-04-24 18:17:00,trend,-1.0,-10.3,short
2026-04-24 18:17:00,2026-04-24 18:21:00,trend,-3.0100000000002183,-30.400000000002183,long
